"","x"
"1","OG0000005:"
"2","OG0000149:"
"3","OG0000161:"
"4","OG0000173:"
"5","OG0000433:"
"6","OG0000523:"
"7","OG0000542:"
"8","OG0000573:"
"9","OG0000588:"
"10","OG0000699:"
"11","OG0000709:"
"12","OG0001034:"
"13","OG0001050:"
"14","OG0001066:"
"15","OG0001069:"
"16","OG0001134:"
"17","OG0001152:"
"18","OG0001154:"
"19","OG0001198:"
"20","OG0001218:"
"21","OG0001257:"
"22","OG0001293:"
"23","OG0001345:"
"24","OG0001373:"
"25","OG0001397:"
"26","OG0001410:"
"27","OG0001433:"
"28","OG0001434:"
"29","OG0001544:"
"30","OG0001564:"
"31","OG0001582:"
"32","OG0001596:"
"33","OG0001673:"
"34","OG0001696:"
"35","OG0001713:"
"36","OG0001724:"
"37","OG0001748:"
"38","OG0001773:"
"39","OG0001849:"
"40","OG0001884:"
"41","OG0001887:"
"42","OG0001951:"
"43","OG0001991:"
"44","OG0002023:"
"45","OG0002027:"
"46","OG0002055:"
"47","OG0002107:"
"48","OG0002129:"
"49","OG0002138:"
"50","OG0002139:"
"51","OG0002190:"
"52","OG0002259:"
"53","OG0002296:"
"54","OG0002321:"
"55","OG0002329:"
"56","OG0002330:"
"57","OG0002397:"
"58","OG0002437:"
"59","OG0002496:"
"60","OG0002504:"
"61","OG0002548:"
"62","OG0002573:"
"63","OG0002574:"
"64","OG0002591:"
"65","OG0002661:"
"66","OG0002672:"
"67","OG0002715:"
"68","OG0002720:"
"69","OG0002722:"
"70","OG0002802:"
"71","OG0002807:"
"72","OG0002818:"
"73","OG0002826:"
"74","OG0002828:"
"75","OG0002836:"
"76","OG0002921:"
"77","OG0002935:"
"78","OG0002948:"
"79","OG0002949:"
"80","OG0002951:"
"81","OG0002955:"
"82","OG0002961:"
"83","OG0002967:"
"84","OG0002981:"
"85","OG0002989:"
"86","OG0003099:"
"87","OG0003101:"
"88","OG0003125:"
"89","OG0003155:"
"90","OG0003171:"
"91","OG0003243:"
"92","OG0003244:"
"93","OG0003278:"
"94","OG0003280:"
"95","OG0003388:"
"96","OG0003390:"
"97","OG0003431:"
"98","OG0003433:"
"99","OG0003537:"
"100","OG0003538:"
"101","OG0003726:"
"102","OG0003730:"
"103","OG0003736:"
"104","OG0003761:"
"105","OG0003788:"
"106","OG0003794:"
"107","OG0003795:"
"108","OG0003889:"
"109","OG0003891:"
"110","OG0003892:"
"111","OG0003953:"
"112","OG0004095:"
"113","OG0004130:"
"114","OG0004136:"
"115","OG0004138:"
"116","OG0004152:"
"117","OG0004153:"
"118","OG0004155:"
"119","OG0004157:"
"120","OG0004160:"
"121","OG0004161:"
"122","OG0004165:"
"123","OG0004278:"
"124","OG0004279:"
"125","OG0004352:"
"126","OG0004375:"
"127","OG0004391:"
"128","OG0004393:"
"129","OG0004398:"
"130","OG0004399:"
"131","OG0004404:"
"132","OG0004405:"
"133","OG0004406:"
"134","OG0005235:"
"135","OG0005236:"
"136","OG0005237:"
"137","OG0005238:"
"138","OG0005239:"
"139","OG0005240:"
"140","OG0005241:"
"141","OG0005242:"
"142","OG0005243:"
"143","OG0005244:"
"144","OG0005245:"
"145","OG0005246:"
"146","OG0005247:"
"147","OG0005248:"
"148","OG0005249:"
"149","OG0005250:"
"150","OG0005251:"
"151","OG0005252:"
"152","OG0005253:"
"153","OG0005254:"
"154","OG0005255:"
"155","OG0005256:"
"156","OG0005257:"
"157","OG0005258:"
"158","OG0005259:"
"159","OG0000075:"
"160","OG0000077:"
"161","OG0000108:"
"162","OG0000137:"
"163","OG0000202:"
"164","OG0000212:"
"165","OG0000290:"
"166","OG0000312:"
"167","OG0000318:"
"168","OG0000322:"
"169","OG0000382:"
"170","OG0000411:"
"171","OG0000444:"
"172","OG0000532:"
"173","OG0000541:"
"174","OG0000576:"
"175","OG0000577:"
"176","OG0000587:"
"177","OG0000938:"
"178","OG0000940:"
"179","OG0000946:"
"180","OG0000962:"
"181","OG0000963:"
"182","OG0001084:"
"183","OG0001086:"
"184","OG0001110:"
"185","OG0001143:"
"186","OG0001167:"
"187","OG0001214:"
"188","OG0001222:"
"189","OG0001231:"
"190","OG0001288:"
"191","OG0001310:"
"192","OG0001320:"
"193","OG0001367:"
"194","OG0001370:"
"195","OG0001406:"
"196","OG0001438:"
"197","OG0001457:"
"198","OG0001528:"
"199","OG0001590:"
"200","OG0001616:"
"201","OG0001641:"
"202","OG0001750:"
"203","OG0001756:"
"204","OG0001855:"
"205","OG0001864:"
"206","OG0001886:"
"207","OG0001905:"
"208","OG0001915:"
"209","OG0001954:"
"210","OG0001988:"
"211","OG0002066:"
"212","OG0002098:"
"213","OG0002106:"
"214","OG0002137:"
"215","OG0002163:"
"216","OG0002191:"
"217","OG0002201:"
"218","OG0002224:"
"219","OG0002315:"
"220","OG0002317:"
"221","OG0002319:"
"222","OG0002322:"
"223","OG0002476:"
"224","OG0002512:"
"225","OG0002513:"
"226","OG0002562:"
"227","OG0002568:"
"228","OG0002569:"
"229","OG0002572:"
"230","OG0002576:"
"231","OG0002589:"
"232","OG0002688:"
"233","OG0002702:"
"234","OG0002708:"
"235","OG0002714:"
"236","OG0002749:"
"237","OG0002830:"
"238","OG0002832:"
"239","OG0002944:"
"240","OG0002956:"
"241","OG0002965:"
"242","OG0002966:"
"243","OG0002969:"
"244","OG0002973:"
"245","OG0002979:"
"246","OG0002987:"
"247","OG0003132:"
"248","OG0003139:"
"249","OG0003146:"
"250","OG0003172:"
"251","OG0003174:"
"252","OG0003279:"
"253","OG0003281:"
"254","OG0003367:"
"255","OG0003374:"
"256","OG0003418:"
"257","OG0003422:"
"258","OG0003441:"
"259","OG0003442:"
"260","OG0003444:"
"261","OG0003496:"
"262","OG0003533:"
"263","OG0003540:"
"264","OG0003549:"
"265","OG0003633:"
"266","OG0003706:"
"267","OG0003707:"
"268","OG0003716:"
"269","OG0003717:"
"270","OG0003719:"
"271","OG0003724:"
"272","OG0003729:"
"273","OG0003739:"
"274","OG0003744:"
"275","OG0003926:"
"276","OG0003946:"
"277","OG0003948:"
"278","OG0003952:"
"279","OG0004121:"
"280","OG0004140:"
"281","OG0004148:"
"282","OG0004159:"
"283","OG0004164:"
"284","OG0004363:"
"285","OG0004392:"
"286","OG0004395:"
"287","OG0004396:"
"288","OG0004397:"
"289","OG0004400:"
"290","OG0004401:"
"291","OG0004402:"
"292","OG0004403:"
"293","OG0000047:"
"294","OG0000060:"
"295","OG0000064:"
"296","OG0000088:"
"297","OG0000093:"
"298","OG0000194:"
"299","OG0000196:"
"300","OG0000201:"
"301","OG0000218:"
"302","OG0000409:"
"303","OG0000424:"
"304","OG0000440:"
"305","OG0000441:"
"306","OG0000445:"
"307","OG0000458:"
"308","OG0000492:"
"309","OG0000493:"
"310","OG0000589:"
"311","OG0000597:"
"312","OG0000695:"
"313","OG0000794:"
"314","OG0000866:"
"315","OG0000939:"
"316","OG0000947:"
"317","OG0000979:"
"318","OG0001013:"
"319","OG0001031:"
"320","OG0001035:"
"321","OG0001077:"
"322","OG0001083:"
"323","OG0001115:"
"324","OG0001142:"
"325","OG0001170:"
"326","OG0001212:"
"327","OG0001291:"
"328","OG0001294:"
"329","OG0001371:"
"330","OG0001377:"
"331","OG0001383:"
"332","OG0001461:"
"333","OG0001472:"
"334","OG0001489:"
"335","OG0001562:"
"336","OG0001634:"
"337","OG0001645:"
"338","OG0001717:"
"339","OG0001730:"
"340","OG0001732:"
"341","OG0001738:"
"342","OG0001762:"
"343","OG0001801:"
"344","OG0001811:"
"345","OG0001827:"
"346","OG0001869:"
"347","OG0001870:"
"348","OG0001903:"
"349","OG0001916:"
"350","OG0001983:"
"351","OG0001995:"
"352","OG0002094:"
"353","OG0002140:"
"354","OG0002170:"
"355","OG0002173:"
"356","OG0002205:"
"357","OG0002215:"
"358","OG0002253:"
"359","OG0002312:"
"360","OG0002323:"
"361","OG0002326:"
"362","OG0002327:"
"363","OG0002328:"
"364","OG0002341:"
"365","OG0002393:"
"366","OG0002398:"
"367","OG0002401:"
"368","OG0002407:"
"369","OG0002452:"
"370","OG0002480:"
"371","OG0002482:"
"372","OG0002571:"
"373","OG0002577:"
"374","OG0002583:"
"375","OG0002586:"
"376","OG0002587:"
"377","OG0002596:"
"378","OG0002597:"
"379","OG0002601:"
"380","OG0002606:"
"381","OG0002691:"
"382","OG0002694:"
"383","OG0002710:"
"384","OG0002724:"
"385","OG0002745:"
"386","OG0002819:"
"387","OG0002821:"
"388","OG0002822:"
"389","OG0002834:"
"390","OG0002835:"
"391","OG0002847:"
"392","OG0002957:"
"393","OG0002962:"
"394","OG0002986:"
"395","OG0003110:"
"396","OG0003128:"
"397","OG0003133:"
"398","OG0003167:"
"399","OG0003170:"
"400","OG0003178:"
"401","OG0003239:"
"402","OG0003267:"
"403","OG0003270:"
"404","OG0003320:"
"405","OG0003406:"
"406","OG0003413:"
"407","OG0003434:"
"408","OG0003471:"
"409","OG0003543:"
"410","OG0003544:"
"411","OG0003668:"
"412","OG0003673:"
"413","OG0003679:"
"414","OG0003713:"
"415","OG0003720:"
"416","OG0003727:"
"417","OG0003738:"
"418","OG0003743:"
"419","OG0003785:"
"420","OG0003797:"
"421","OG0003884:"
"422","OG0003928:"
"423","OG0003943:"
"424","OG0003944:"
"425","OG0003947:"
"426","OG0003949:"
"427","OG0000042:"
"428","OG0000069:"
"429","OG0000130:"
"430","OG0000296:"
"431","OG0000381:"
"432","OG0000408:"
"433","OG0000410:"
"434","OG0000582:"
"435","OG0000583:"
"436","OG0000584:"
"437","OG0000585:"
"438","OG0000586:"
"439","OG0000601:"
"440","OG0000617:"
"441","OG0000621:"
"442","OG0000655:"
"443","OG0000656:"
"444","OG0000694:"
"445","OG0000698:"
"446","OG0000705:"
"447","OG0000738:"
"448","OG0000756:"
"449","OG0000780:"
"450","OG0000809:"
"451","OG0000871:"
"452","OG0000935:"
"453","OG0000936:"
"454","OG0000937:"
"455","OG0000948:"
"456","OG0001014:"
"457","OG0001020:"
"458","OG0001022:"
"459","OG0001053:"
"460","OG0001082:"
"461","OG0001153:"
"462","OG0001169:"
"463","OG0001215:"
"464","OG0001272:"
"465","OG0001300:"
"466","OG0001328:"
"467","OG0001332:"
"468","OG0001404:"
"469","OG0001440:"
"470","OG0001525:"
"471","OG0001612:"
"472","OG0001649:"
"473","OG0001690:"
"474","OG0001694:"
"475","OG0001707:"
"476","OG0001718:"
"477","OG0001739:"
"478","OG0001751:"
"479","OG0001774:"
"480","OG0001788:"
"481","OG0001807:"
"482","OG0001964:"
"483","OG0001987:"
"484","OG0002004:"
"485","OG0002006:"
"486","OG0002012:"
"487","OG0002021:"
"488","OG0002025:"
"489","OG0002130:"
"490","OG0002136:"
"491","OG0002194:"
"492","OG0002408:"
"493","OG0002489:"
"494","OG0002491:"
"495","OG0002506:"
"496","OG0002509:"
"497","OG0002575:"
"498","OG0002592:"
"499","OG0002594:"
"500","OG0002605:"
"501","OG0002686:"
"502","OG0002697:"
"503","OG0002713:"
"504","OG0002813:"
"505","OG0003092:"
"506","OG0003098:"
"507","OG0003141:"
"508","OG0003145:"
"509","OG0003150:"
"510","OG0003164:"
"511","OG0003166:"
"512","OG0003173:"
"513","OG0003268:"
"514","OG0003269:"
"515","OG0003271:"
"516","OG0003389:"
"517","OG0003425:"
"518","OG0003495:"
"519","OG0003500:"
"520","OG0003504:"
"521","OG0003535:"
"522","OG0003539:"
"523","OG0003541:"
"524","OG0003546:"
"525","OG0000065:"
"526","OG0000085:"
"527","OG0000248:"
"528","OG0000263:"
"529","OG0000295:"
"530","OG0000412:"
"531","OG0000475:"
"532","OG0000620:"
"533","OG0000703:"
"534","OG0000777:"
"535","OG0000778:"
"536","OG0000789:"
"537","OG0000795:"
"538","OG0000808:"
"539","OG0000842:"
"540","OG0000849:"
"541","OG0000850:"
"542","OG0000851:"
"543","OG0000967:"
"544","OG0000980:"
"545","OG0001023:"
"546","OG0001112:"
"547","OG0001173:"
"548","OG0001207:"
"549","OG0001325:"
"550","OG0001347:"
"551","OG0001394:"
"552","OG0001411:"
"553","OG0001412:"
"554","OG0001455:"
"555","OG0001467:"
"556","OG0001469:"
"557","OG0001496:"
"558","OG0001527:"
"559","OG0001551:"
"560","OG0001553:"
"561","OG0001578:"
"562","OG0001623:"
"563","OG0001625:"
"564","OG0001640:"
"565","OG0001695:"
"566","OG0001698:"
"567","OG0001720:"
"568","OG0001851:"
"569","OG0001859:"
"570","OG0001896:"
"571","OG0001944:"
"572","OG0001996:"
"573","OG0002081:"
"574","OG0002132:"
"575","OG0002168:"
"576","OG0002193:"
"577","OG0002267:"
"578","OG0002297:"
"579","OG0002324:"
"580","OG0002325:"
"581","OG0002394:"
"582","OG0002411:"
"583","OG0002477:"
"584","OG0002481:"
"585","OG0002499:"
"586","OG0002502:"
"587","OG0002511:"
"588","OG0002543:"
"589","OG0002604:"
"590","OG0002718:"
"591","OG0002785:"
"592","OG0002816:"
"593","OG0002829:"
"594","OG0002849:"
"595","OG0002988:"
"596","OG0003016:"
"597","OG0003105:"
"598","OG0003140:"
"599","OG0003144:"
"600","OG0003168:"
"601","OG0003169:"
"602","OG0003177:"
"603","OG0003180:"
"604","OG0000051:"
"605","OG0000073:"
"606","OG0000106:"
"607","OG0000119:"
"608","OG0000142:"
"609","OG0000166:"
"610","OG0000285:"
"611","OG0000292:"
"612","OG0000489:"
"613","OG0000501:"
"614","OG0000503:"
"615","OG0000504:"
"616","OG0000562:"
"617","OG0000616:"
"618","OG0000654:"
"619","OG0000696:"
"620","OG0000737:"
"621","OG0000774:"
"622","OG0000791:"
"623","OG0000949:"
"624","OG0001019:"
"625","OG0001085:"
"626","OG0001101:"
"627","OG0001113:"
"628","OG0001116:"
"629","OG0001317:"
"630","OG0001324:"
"631","OG0001350:"
"632","OG0001358:"
"633","OG0001363:"
"634","OG0001430:"
"635","OG0001439:"
"636","OG0001444:"
"637","OG0001474:"
"638","OG0001499:"
"639","OG0001511:"
"640","OG0001538:"
"641","OG0001565:"
"642","OG0001619:"
"643","OG0001672:"
"644","OG0001765:"
"645","OG0001777:"
"646","OG0001803:"
"647","OG0001809:"
"648","OG0001848:"
"649","OG0001861:"
"650","OG0001902:"
"651","OG0001933:"
"652","OG0001935:"
"653","OG0001956:"
"654","OG0001989:"
"655","OG0001992:"
"656","OG0002039:"
"657","OG0002059:"
"658","OG0002095:"
"659","OG0002133:"
"660","OG0002135:"
"661","OG0002226:"
"662","OG0002235:"
"663","OG0002271:"
"664","OG0002276:"
"665","OG0002298:"
"666","OG0002320:"
"667","OG0002387:"
"668","OG0002492:"
"669","OG0002501:"
"670","OG0002503:"
"671","OG0002530:"
"672","OG0002578:"
"673","OG0002600:"
"674","OG0002693:"
"675","OG0002716:"
"676","OG0002717:"
"677","OG0002831:"
"678","OG0002855:"
"679","OG0002923:"
"680","OG0002999:"
"681","OG0000080:"
"682","OG0000128:"
"683","OG0000162:"
"684","OG0000172:"
"685","OG0000204:"
"686","OG0000220:"
"687","OG0000309:"
"688","OG0000334:"
"689","OG0000387:"
"690","OG0000502:"
"691","OG0000510:"
"692","OG0000511:"
"693","OG0000559:"
"694","OG0000561:"
"695","OG0000618:"
"696","OG0000707:"
"697","OG0000807:"
"698","OG0000838:"
"699","OG0000839:"
"700","OG0000852:"
"701","OG0000920:"
"702","OG0000921:"
"703","OG0000950:"
"704","OG0000974:"
"705","OG0001001:"
"706","OG0001026:"
"707","OG0001067:"
"708","OG0001104:"
"709","OG0001106:"
"710","OG0001118:"
"711","OG0001163:"
"712","OG0001193:"
"713","OG0001235:"
"714","OG0001263:"
"715","OG0001285:"
"716","OG0001318:"
"717","OG0001349:"
"718","OG0001359:"
"719","OG0001364:"
"720","OG0001387:"
"721","OG0001441:"
"722","OG0001478:"
"723","OG0001488:"
"724","OG0001518:"
"725","OG0001555:"
"726","OG0001566:"
"727","OG0001600:"
"728","OG0001635:"
"729","OG0001648:"
"730","OG0001711:"
"731","OG0001733:"
"732","OG0001792:"
"733","OG0001828:"
"734","OG0001837:"
"735","OG0001840:"
"736","OG0001921:"
"737","OG0001980:"
"738","OG0001990:"
"739","OG0001998:"
"740","OG0002061:"
"741","OG0002090:"
"742","OG0002143:"
"743","OG0002147:"
"744","OG0002167:"
"745","OG0002178:"
"746","OG0002196:"
"747","OG0002213:"
"748","OG0002270:"
"749","OG0002284:"
"750","OG0002396:"
"751","OG0002472:"
"752","OG0002475:"
"753","OG0002485:"
"754","OG0002486:"
"755","OG0002579:"
"756","OG0002593:"
"757","OG0002673:"
"758","OG0002800:"
"759","OG0002839:"
"760","OG0000070:"
"761","OG0000076:"
"762","OG0000159:"
"763","OG0000160:"
"764","OG0000181:"
"765","OG0000182:"
"766","OG0000247:"
"767","OG0000256:"
"768","OG0000280:"
"769","OG0000316:"
"770","OG0000336:"
"771","OG0000490:"
"772","OG0000494:"
"773","OG0000558:"
"774","OG0000598:"
"775","OG0000714:"
"776","OG0000715:"
"777","OG0000873:"
"778","OG0000901:"
"779","OG0000902:"
"780","OG0000919:"
"781","OG0001028:"
"782","OG0001100:"
"783","OG0001105:"
"784","OG0001147:"
"785","OG0001166:"
"786","OG0001180:"
"787","OG0001283:"
"788","OG0001284:"
"789","OG0001311:"
"790","OG0001331:"
"791","OG0001386:"
"792","OG0001401:"
"793","OG0001501:"
"794","OG0001513:"
"795","OG0001560:"
"796","OG0001563:"
"797","OG0001586:"
"798","OG0001593:"
"799","OG0001605:"
"800","OG0001622:"
"801","OG0001662:"
"802","OG0001676:"
"803","OG0001725:"
"804","OG0001745:"
"805","OG0001766:"
"806","OG0001776:"
"807","OG0001806:"
"808","OG0001852:"
"809","OG0001876:"
"810","OG0001900:"
"811","OG0001927:"
"812","OG0001949:"
"813","OG0002082:"
"814","OG0002115:"
"815","OG0002116:"
"816","OG0002160:"
"817","OG0002165:"
"818","OG0002171:"
"819","OG0002237:"
"820","OG0002306:"
"821","OG0002318:"
"822","OG0002405:"
"823","OG0002417:"
"824","OG0002479:"
"825","OG0002483:"
"826","OG0002484:"
"827","OG0002488:"
"828","OG0002495:"
"829","OG0002497:"
"830","OG0002498:"
"831","OG0002581:"
"832","OG0002588:"
"833","OG0000115:"
"834","OG0000116:"
"835","OG0000165:"
"836","OG0000246:"
"837","OG0000259:"
"838","OG0000315:"
"839","OG0000335:"
"840","OG0000386:"
"841","OG0000456:"
"842","OG0000512:"
"843","OG0000527:"
"844","OG0000651:"
"845","OG0000653:"
"846","OG0000713:"
"847","OG0000747:"
"848","OG0000788:"
"849","OG0000805:"
"850","OG0000806:"
"851","OG0000836:"
"852","OG0000840:"
"853","OG0000872:"
"854","OG0000904:"
"855","OG0000922:"
"856","OG0000986:"
"857","OG0001111:"
"858","OG0001121:"
"859","OG0001164:"
"860","OG0001192:"
"861","OG0001259:"
"862","OG0001286:"
"863","OG0001298:"
"864","OG0001307:"
"865","OG0001327:"
"866","OG0001329:"
"867","OG0001340:"
"868","OG0001346:"
"869","OG0001356:"
"870","OG0001442:"
"871","OG0001448:"
"872","OG0001471:"
"873","OG0001526:"
"874","OG0001554:"
"875","OG0001573:"
"876","OG0001624:"
"877","OG0001700:"
"878","OG0001753:"
"879","OG0001794:"
"880","OG0001802:"
"881","OG0001920:"
"882","OG0001924:"
"883","OG0001932:"
"884","OG0001984:"
"885","OG0002028:"
"886","OG0002093:"
"887","OG0002214:"
"888","OG0002221:"
"889","OG0002233:"
"890","OG0002273:"
"891","OG0002278:"
"892","OG0002399:"
"893","OG0002409:"
"894","OG0002443:"
"895","OG0002514:"
"896","OG0000103:"
"897","OG0000111:"
"898","OG0000112:"
"899","OG0000113:"
"900","OG0000168:"
"901","OG0000193:"
"902","OG0000205:"
"903","OG0000231:"
"904","OG0000232:"
"905","OG0000258:"
"906","OG0000301:"
"907","OG0000328:"
"908","OG0000344:"
"909","OG0000345:"
"910","OG0000416:"
"911","OG0000417:"
"912","OG0000418:"
"913","OG0000419:"
"914","OG0000427:"
"915","OG0000453:"
"916","OG0000526:"
"917","OG0000528:"
"918","OG0000545:"
"919","OG0000555:"
"920","OG0000556:"
"921","OG0000596:"
"922","OG0000639:"
"923","OG0000640:"
"924","OG0000710:"
"925","OG0000711:"
"926","OG0000716:"
"927","OG0000733:"
"928","OG0000787:"
"929","OG0000797:"
"930","OG0000803:"
"931","OG0000854:"
"932","OG0000874:"
"933","OG0000899:"
"934","OG0000911:"
"935","OG0001042:"
"936","OG0001070:"
"937","OG0001087:"
"938","OG0001122:"
"939","OG0001146:"
"940","OG0001196:"
"941","OG0001245:"
"942","OG0001278:"
"943","OG0001330:"
"944","OG0001419:"
"945","OG0001422:"
"946","OG0001450:"
"947","OG0001477:"
"948","OG0001492:"
"949","OG0001493:"
"950","OG0001534:"
"951","OG0001543:"
"952","OG0001767:"
"953","OG0001793:"
"954","OG0001812:"
"955","OG0001829:"
"956","OG0001868:"
"957","OG0001888:"
"958","OG0001923:"
"959","OG0001930:"
"960","OG0001953:"
"961","OG0001986:"
"962","OG0002029:"
"963","OG0002040:"
"964","OG0002105:"
"965","OG0002113:"
"966","OG0002175:"
"967","OG0002234:"
"968","OG0002262:"
"969","OG0002478:"
"970","OG0002500:"
"971","OG0002505:"
"972","OG0000094:"
"973","OG0000197:"
"974","OG0000198:"
"975","OG0000267:"
"976","OG0000268:"
"977","OG0000269:"
"978","OG0000286:"
"979","OG0000343:"
"980","OG0000426:"
"981","OG0000452:"
"982","OG0000454:"
"983","OG0000465:"
"984","OG0000509:"
"985","OG0000520:"
"986","OG0000529:"
"987","OG0000530:"
"988","OG0000557:"
"989","OG0000638:"
"990","OG0000652:"
"991","OG0000835:"
"992","OG0000863:"
"993","OG0000909:"
"994","OG0000925:"
"995","OG0000928:"
"996","OG0000985:"
"997","OG0000990:"
"998","OG0000992:"
"999","OG0001048:"
"1000","OG0001200:"
"1001","OG0001287:"
"1002","OG0001385:"
"1003","OG0001399:"
"1004","OG0001420:"
"1005","OG0001424:"
"1006","OG0001495:"
"1007","OG0001532:"
"1008","OG0001545:"
"1009","OG0001675:"
"1010","OG0001704:"
"1011","OG0001716:"
"1012","OG0001780:"
"1013","OG0001813:"
"1014","OG0001830:"
"1015","OG0001841:"
"1016","OG0001862:"
"1017","OG0001906:"
"1018","OG0001918:"
"1019","OG0002048:"
"1020","OG0002049:"
"1021","OG0002050:"
"1022","OG0002051:"
"1023","OG0002099:"
"1024","OG0002153:"
"1025","OG0002174:"
"1026","OG0002176:"
"1027","OG0002268:"
"1028","OG0002309:"
"1029","OG0002395:"
"1030","OG0000068:"
"1031","OG0000074:"
"1032","OG0000081:"
"1033","OG0000095:"
"1034","OG0000110:"
"1035","OG0000138:"
"1036","OG0000139:"
"1037","OG0000213:"
"1038","OG0000219:"
"1039","OG0000407:"
"1040","OG0000478:"
"1041","OG0000480:"
"1042","OG0000507:"
"1043","OG0000604:"
"1044","OG0000804:"
"1045","OG0000924:"
"1046","OG0000926:"
"1047","OG0000991:"
"1048","OG0001062:"
"1049","OG0001063:"
"1050","OG0001107:"
"1051","OG0001140:"
"1052","OG0001187:"
"1053","OG0001199:"
"1054","OG0001256:"
"1055","OG0001276:"
"1056","OG0001295:"
"1057","OG0001302:"
"1058","OG0001323:"
"1059","OG0001398:"
"1060","OG0001530:"
"1061","OG0001535:"
"1062","OG0001546:"
"1063","OG0001568:"
"1064","OG0001614:"
"1065","OG0001630:"
"1066","OG0001667:"
"1067","OG0001669:"
"1068","OG0001729:"
"1069","OG0002018:"
"1070","OG0002104:"
"1071","OG0002154:"
"1072","OG0002166:"
"1073","OG0002211:"
"1074","OG0002220:"
"1075","OG0002274:"
"1076","OG0002279:"
"1077","OG0002303:"
"1078","OG0002311:"
"1079","OG0000062:"
"1080","OG0000126:"
"1081","OG0000230:"
"1082","OG0000239:"
"1083","OG0000266:"
"1084","OG0000304:"
"1085","OG0000361:"
"1086","OG0000385:"
"1087","OG0000405:"
"1088","OG0000479:"
"1089","OG0000519:"
"1090","OG0000626:"
"1091","OG0000631:"
"1092","OG0000712:"
"1093","OG0000813:"
"1094","OG0000969:"
"1095","OG0001011:"
"1096","OG0001045:"
"1097","OG0001060:"
"1098","OG0001108:"
"1099","OG0001197:"
"1100","OG0001243:"
"1101","OG0001246:"
"1102","OG0001348:"
"1103","OG0001503:"
"1104","OG0001581:"
"1105","OG0001584:"
"1106","OG0001585:"
"1107","OG0001608:"
"1108","OG0001666:"
"1109","OG0001691:"
"1110","OG0001760:"
"1111","OG0001914:"
"1112","OG0001929:"
"1113","OG0001994:"
"1114","OG0002060:"
"1115","OG0002062:"
"1116","OG0002063:"
"1117","OG0002067:"
"1118","OG0002114:"
"1119","OG0002131:"
"1120","OG0002161:"
"1121","OG0002207:"
"1122","OG0002225:"
"1123","OG0002242:"
"1124","OG0002266:"
"1125","OG0000050:"
"1126","OG0000079:"
"1127","OG0000125:"
"1128","OG0000143:"
"1129","OG0000167:"
"1130","OG0000191:"
"1131","OG0000272:"
"1132","OG0000342:"
"1133","OG0000384:"
"1134","OG0000455:"
"1135","OG0000536:"
"1136","OG0000605:"
"1137","OG0000727:"
"1138","OG0000742:"
"1139","OG0000783:"
"1140","OG0000834:"
"1141","OG0000910:"
"1142","OG0000927:"
"1143","OG0001005:"
"1144","OG0001096:"
"1145","OG0001117:"
"1146","OG0001130:"
"1147","OG0001131:"
"1148","OG0001224:"
"1149","OG0001379:"
"1150","OG0001384:"
"1151","OG0001491:"
"1152","OG0001494:"
"1153","OG0001549:"
"1154","OG0001626:"
"1155","OG0001706:"
"1156","OG0001710:"
"1157","OG0001728:"
"1158","OG0001749:"
"1159","OG0001764:"
"1160","OG0001768:"
"1161","OG0001863:"
"1162","OG0001883:"
"1163","OG0001895:"
"1164","OG0001912:"
"1165","OG0001928:"
"1166","OG0002010:"
"1167","OG0002020:"
"1168","OG0002022:"
"1169","OG0002058:"
"1170","OG0002064:"
"1171","OG0002065:"
"1172","OG0002091:"
"1173","OG0002103:"
"1174","OG0002108:"
"1175","OG0002111:"
"1176","OG0002162:"
"1177","OG0002192:"
"1178","OG0002218:"
"1179","OG0000124:"
"1180","OG0000187:"
"1181","OG0000235:"
"1182","OG0000252:"
"1183","OG0000313:"
"1184","OG0000323:"
"1185","OG0000476:"
"1186","OG0000551:"
"1187","OG0000628:"
"1188","OG0000717:"
"1189","OG0000718:"
"1190","OG0000784:"
"1191","OG0000812:"
"1192","OG0000853:"
"1193","OG0000862:"
"1194","OG0000914:"
"1195","OG0001012:"
"1196","OG0001033:"
"1197","OG0001076:"
"1198","OG0001149:"
"1199","OG0001219:"
"1200","OG0001228:"
"1201","OG0001258:"
"1202","OG0001264:"
"1203","OG0001270:"
"1204","OG0001299:"
"1205","OG0001414:"
"1206","OG0001475:"
"1207","OG0001498:"
"1208","OG0001591:"
"1209","OG0001644:"
"1210","OG0001651:"
"1211","OG0001731:"
"1212","OG0001831:"
"1213","OG0001898:"
"1214","OG0001917:"
"1215","OG0001997:"
"1216","OG0002016:"
"1217","OG0002017:"
"1218","OG0002026:"
"1219","OG0002164:"
"1220","OG0002169:"
"1221","OG0000100:"
"1222","OG0000141:"
"1223","OG0000200:"
"1224","OG0000211:"
"1225","OG0000229:"
"1226","OG0000308:"
"1227","OG0000450:"
"1228","OG0000540:"
"1229","OG0000574:"
"1230","OG0000629:"
"1231","OG0000632:"
"1232","OG0000637:"
"1233","OG0000719:"
"1234","OG0000721:"
"1235","OG0000759:"
"1236","OG0000768:"
"1237","OG0000819:"
"1238","OG0000859:"
"1239","OG0000860:"
"1240","OG0000891:"
"1241","OG0000894:"
"1242","OG0000916:"
"1243","OG0000918:"
"1244","OG0000923:"
"1245","OG0000973:"
"1246","OG0001008:"
"1247","OG0001025:"
"1248","OG0001097:"
"1249","OG0001158:"
"1250","OG0001216:"
"1251","OG0001281:"
"1252","OG0001360:"
"1253","OG0001423:"
"1254","OG0001484:"
"1255","OG0001512:"
"1256","OG0001650:"
"1257","OG0001692:"
"1258","OG0001836:"
"1259","OG0001858:"
"1260","OG0002009:"
"1261","OG0002109:"
"1262","OG0002112:"
"1263","OG0000057:"
"1264","OG0000118:"
"1265","OG0000131:"
"1266","OG0000148:"
"1267","OG0000169:"
"1268","OG0000228:"
"1269","OG0000238:"
"1270","OG0000271:"
"1271","OG0000317:"
"1272","OG0000371:"
"1273","OG0000522:"
"1274","OG0000524:"
"1275","OG0000525:"
"1276","OG0000603:"
"1277","OG0000664:"
"1278","OG0000668:"
"1279","OG0000688:"
"1280","OG0000760:"
"1281","OG0000761:"
"1282","OG0000762:"
"1283","OG0000815:"
"1284","OG0000820:"
"1285","OG0000888:"
"1286","OG0000889:"
"1287","OG0001007:"
"1288","OG0001091:"
"1289","OG0001123:"
"1290","OG0001136:"
"1291","OG0001162:"
"1292","OG0001225:"
"1293","OG0001267:"
"1294","OG0001306:"
"1295","OG0001335:"
"1296","OG0001382:"
"1297","OG0001421:"
"1298","OG0001508:"
"1299","OG0001595:"
"1300","OG0001602:"
"1301","OG0001615:"
"1302","OG0001654:"
"1303","OG0001775:"
"1304","OG0001800:"
"1305","OG0001820:"
"1306","OG0001821:"
"1307","OG0001839:"
"1308","OG0001889:"
"1309","OG0001950:"
"1310","OG0001961:"
"1311","OG0001965:"
"1312","OG0002019:"
"1313","OG0002053:"
"1314","OG0002054:"
"1315","OG0002056:"
"1316","OG0000092:"
"1317","OG0000146:"
"1318","OG0000183:"
"1319","OG0000236:"
"1320","OG0000262:"
"1321","OG0000270:"
"1322","OG0000306:"
"1323","OG0000307:"
"1324","OG0000324:"
"1325","OG0000372:"
"1326","OG0000376:"
"1327","OG0000423:"
"1328","OG0000578:"
"1329","OG0000665:"
"1330","OG0000666:"
"1331","OG0000667:"
"1332","OG0000697:"
"1333","OG0000720:"
"1334","OG0000772:"
"1335","OG0000816:"
"1336","OG0000818:"
"1337","OG0000890:"
"1338","OG0000915:"
"1339","OG0000968:"
"1340","OG0001003:"
"1341","OG0001010:"
"1342","OG0001024:"
"1343","OG0001090:"
"1344","OG0001092:"
"1345","OG0001132:"
"1346","OG0001217:"
"1347","OG0001220:"
"1348","OG0001223:"
"1349","OG0001226:"
"1350","OG0001227:"
"1351","OG0001282:"
"1352","OG0001301:"
"1353","OG0001389:"
"1354","OG0001437:"
"1355","OG0001445:"
"1356","OG0001456:"
"1357","OG0001463:"
"1358","OG0001480:"
"1359","OG0001490:"
"1360","OG0001522:"
"1361","OG0001588:"
"1362","OG0001688:"
"1363","OG0001758:"
"1364","OG0001798:"
"1365","OG0001845:"
"1366","OG0001893:"
"1367","OG0001904:"
"1368","OG0001962:"
"1369","OG0001963:"
"1370","OG0000039:"
"1371","OG0000096:"
"1372","OG0000114:"
"1373","OG0000284:"
"1374","OG0000289:"
"1375","OG0000362:"
"1376","OG0000552:"
"1377","OG0000662:"
"1378","OG0000663:"
"1379","OG0000704:"
"1380","OG0000729:"
"1381","OG0000732:"
"1382","OG0000767:"
"1383","OG0000769:"
"1384","OG0000781:"
"1385","OG0000786:"
"1386","OG0000981:"
"1387","OG0000996:"
"1388","OG0001004:"
"1389","OG0001088:"
"1390","OG0001089:"
"1391","OG0001125:"
"1392","OG0001129:"
"1393","OG0001240:"
"1394","OG0001266:"
"1395","OG0001339:"
"1396","OG0001381:"
"1397","OG0001393:"
"1398","OG0001396:"
"1399","OG0001426:"
"1400","OG0001507:"
"1401","OG0001523:"
"1402","OG0001637:"
"1403","OG0001778:"
"1404","OG0001791:"
"1405","OG0001805:"
"1406","OG0001822:"
"1407","OG0001850:"
"1408","OG0001857:"
"1409","OG0000249:"
"1410","OG0000273:"
"1411","OG0000283:"
"1412","OG0000314:"
"1413","OG0000380:"
"1414","OG0000401:"
"1415","OG0000403:"
"1416","OG0000414:"
"1417","OG0000446:"
"1418","OG0000447:"
"1419","OG0000451:"
"1420","OG0000579:"
"1421","OG0000590:"
"1422","OG0000785:"
"1423","OG0000814:"
"1424","OG0000817:"
"1425","OG0000975:"
"1426","OG0001030:"
"1427","OG0001043:"
"1428","OG0001095:"
"1429","OG0001135:"
"1430","OG0001141:"
"1431","OG0001155:"
"1432","OG0001186:"
"1433","OG0001190:"
"1434","OG0001312:"
"1435","OG0001395:"
"1436","OG0001517:"
"1437","OG0001579:"
"1438","OG0001580:"
"1439","OG0001601:"
"1440","OG0001609:"
"1441","OG0001618:"
"1442","OG0001638:"
"1443","OG0001797:"
"1444","OG0001846:"
"1445","OG0000058:"
"1446","OG0000217:"
"1447","OG0000241:"
"1448","OG0000253:"
"1449","OG0000370:"
"1450","OG0000388:"
"1451","OG0000402:"
"1452","OG0000404:"
"1453","OG0000415:"
"1454","OG0000449:"
"1455","OG0000554:"
"1456","OG0000678:"
"1457","OG0000691:"
"1458","OG0000706:"
"1459","OG0000735:"
"1460","OG0000771:"
"1461","OG0000779:"
"1462","OG0000782:"
"1463","OG0000847:"
"1464","OG0000900:"
"1465","OG0000970:"
"1466","OG0000978:"
"1467","OG0000984:"
"1468","OG0001051:"
"1469","OG0001075:"
"1470","OG0001126:"
"1471","OG0001159:"
"1472","OG0001185:"
"1473","OG0001221:"
"1474","OG0001239:"
"1475","OG0001261:"
"1476","OG0001268:"
"1477","OG0001353:"
"1478","OG0001417:"
"1479","OG0001447:"
"1480","OG0001514:"
"1481","OG0001550:"
"1482","OG0001552:"
"1483","OG0001576:"
"1484","OG0001597:"
"1485","OG0001613:"
"1486","OG0001636:"
"1487","OG0001659:"
"1488","OG0001665:"
"1489","OG0001723:"
"1490","OG0001746:"
"1491","OG0001772:"
"1492","OG0001865:"
"1493","OG0001897:"
"1494","OG0001899:"
"1495","OG0001901:"
"1496","OG0000102:"
"1497","OG0000255:"
"1498","OG0000264:"
"1499","OG0000320:"
"1500","OG0000325:"
"1501","OG0000366:"
"1502","OG0000400:"
"1503","OG0000406:"
"1504","OG0000539:"
"1505","OG0000548:"
"1506","OG0000549:"
"1507","OG0000580:"
"1508","OG0000615:"
"1509","OG0000677:"
"1510","OG0000687:"
"1511","OG0000743:"
"1512","OG0000765:"
"1513","OG0000766:"
"1514","OG0000837:"
"1515","OG0000943:"
"1516","OG0000972:"
"1517","OG0001047:"
"1518","OG0001119:"
"1519","OG0001333:"
"1520","OG0001344:"
"1521","OG0001418:"
"1522","OG0001429:"
"1523","OG0001519:"
"1524","OG0001539:"
"1525","OG0001575:"
"1526","OG0001628:"
"1527","OG0001693:"
"1528","OG0001708:"
"1529","OG0001740:"
"1530","OG0001743:"
"1531","OG0001744:"
"1532","OG0001804:"
"1533","OG0001832:"
"1534","OG0001892:"
"1535","OG0000240:"
"1536","OG0000243:"
"1537","OG0000294:"
"1538","OG0000299:"
"1539","OG0000365:"
"1540","OG0000389:"
"1541","OG0000439:"
"1542","OG0000448:"
"1543","OG0000497:"
"1544","OG0000535:"
"1545","OG0000572:"
"1546","OG0000692:"
"1547","OG0000741:"
"1548","OG0000770:"
"1549","OG0000861:"
"1550","OG0000898:"
"1551","OG0000912:"
"1552","OG0000929:"
"1553","OG0000932:"
"1554","OG0000944:"
"1555","OG0000957:"
"1556","OG0000999:"
"1557","OG0001041:"
"1558","OG0001052:"
"1559","OG0001055:"
"1560","OG0001128:"
"1561","OG0001174:"
"1562","OG0001175:"
"1563","OG0001368:"
"1564","OG0001409:"
"1565","OG0001436:"
"1566","OG0001452:"
"1567","OG0001500:"
"1568","OG0001598:"
"1569","OG0001611:"
"1570","OG0001639:"
"1571","OG0001647:"
"1572","OG0001741:"
"1573","OG0001747:"
"1574","OG0001771:"
"1575","OG0001835:"
"1576","OG0001856:"
"1577","OG0001860:"
"1578","OG0000152:"
"1579","OG0000154:"
"1580","OG0000225:"
"1581","OG0000355:"
"1582","OG0000364:"
"1583","OG0000496:"
"1584","OG0000571:"
"1585","OG0000581:"
"1586","OG0000619:"
"1587","OG0000689:"
"1588","OG0000734:"
"1589","OG0000740:"
"1590","OG0000930:"
"1591","OG0000931:"
"1592","OG0000933:"
"1593","OG0000941:"
"1594","OG0000956:"
"1595","OG0000971:"
"1596","OG0000976:"
"1597","OG0001049:"
"1598","OG0001057:"
"1599","OG0001065:"
"1600","OG0001127:"
"1601","OG0001183:"
"1602","OG0001188:"
"1603","OG0001210:"
"1604","OG0001289:"
"1605","OG0001326:"
"1606","OG0001428:"
"1607","OG0001431:"
"1608","OG0001473:"
"1609","OG0001497:"
"1610","OG0001606:"
"1611","OG0001621:"
"1612","OG0001631:"
"1613","OG0001646:"
"1614","OG0001655:"
"1615","OG0001664:"
"1616","OG0001670:"
"1617","OG0001697:"
"1618","OG0001779:"
"1619","OG0001838:"
"1620","OG0000066:"
"1621","OG0000097:"
"1622","OG0000104:"
"1623","OG0000150:"
"1624","OG0000233:"
"1625","OG0000245:"
"1626","OG0000291:"
"1627","OG0000298:"
"1628","OG0000341:"
"1629","OG0000363:"
"1630","OG0000378:"
"1631","OG0000379:"
"1632","OG0000391:"
"1633","OG0000425:"
"1634","OG0000434:"
"1635","OG0000533:"
"1636","OG0000534:"
"1637","OG0000564:"
"1638","OG0000614:"
"1639","OG0000684:"
"1640","OG0000736:"
"1641","OG0000744:"
"1642","OG0000748:"
"1643","OG0000848:"
"1644","OG0000913:"
"1645","OG0000942:"
"1646","OG0000945:"
"1647","OG0000951:"
"1648","OG0000952:"
"1649","OG0000955:"
"1650","OG0000965:"
"1651","OG0000994:"
"1652","OG0001000:"
"1653","OG0001006:"
"1654","OG0001016:"
"1655","OG0001068:"
"1656","OG0001252:"
"1657","OG0001334:"
"1658","OG0001416:"
"1659","OG0001465:"
"1660","OG0001516:"
"1661","OG0001569:"
"1662","OG0001570:"
"1663","OG0001599:"
"1664","OG0001617:"
"1665","OG0001661:"
"1666","OG0001684:"
"1667","OG0001714:"
"1668","OG0001769:"
"1669","OG0000089:"
"1670","OG0000140:"
"1671","OG0000184:"
"1672","OG0000189:"
"1673","OG0000192:"
"1674","OG0000214:"
"1675","OG0000216:"
"1676","OG0000297:"
"1677","OG0000321:"
"1678","OG0000374:"
"1679","OG0000375:"
"1680","OG0000377:"
"1681","OG0000437:"
"1682","OG0000498:"
"1683","OG0000537:"
"1684","OG0000566:"
"1685","OG0000660:"
"1686","OG0000685:"
"1687","OG0000690:"
"1688","OG0000739:"
"1689","OG0000745:"
"1690","OG0000746:"
"1691","OG0000801:"
"1692","OG0000953:"
"1693","OG0000954:"
"1694","OG0000964:"
"1695","OG0000977:"
"1696","OG0000989:"
"1697","OG0000995:"
"1698","OG0001009:"
"1699","OG0001021:"
"1700","OG0001039:"
"1701","OG0001079:"
"1702","OG0001138:"
"1703","OG0001165:"
"1704","OG0001168:"
"1705","OG0001181:"
"1706","OG0001249:"
"1707","OG0001251:"
"1708","OG0001279:"
"1709","OG0001305:"
"1710","OG0001309:"
"1711","OG0001338:"
"1712","OG0001415:"
"1713","OG0001453:"
"1714","OG0001483:"
"1715","OG0001520:"
"1716","OG0001556:"
"1717","OG0001643:"
"1718","OG0001689:"
"1719","OG0001699:"
"1720","OG0001712:"
"1721","OG0001721:"
"1722","OG0000090:"
"1723","OG0000120:"
"1724","OG0000127:"
"1725","OG0000132:"
"1726","OG0000190:"
"1727","OG0000281:"
"1728","OG0000356:"
"1729","OG0000357:"
"1730","OG0000436:"
"1731","OG0000457:"
"1732","OG0000513:"
"1733","OG0000592:"
"1734","OG0000636:"
"1735","OG0000659:"
"1736","OG0000693:"
"1737","OG0000708:"
"1738","OG0000763:"
"1739","OG0000764:"
"1740","OG0000775:"
"1741","OG0000810:"
"1742","OG0000843:"
"1743","OG0000855:"
"1744","OG0000934:"
"1745","OG0001017:"
"1746","OG0001176:"
"1747","OG0001182:"
"1748","OG0001290:"
"1749","OG0001536:"
"1750","OG0001594:"
"1751","OG0001633:"
"1752","OG0001653:"
"1753","OG0001737:"
"1754","OG0000163:"
"1755","OG0000287:"
"1756","OG0000337:"
"1757","OG0000358:"
"1758","OG0000421:"
"1759","OG0000435:"
"1760","OG0000459:"
"1761","OG0000477:"
"1762","OG0000624:"
"1763","OG0000658:"
"1764","OG0000749:"
"1765","OG0000798:"
"1766","OG0000879:"
"1767","OG0000881:"
"1768","OG0001078:"
"1769","OG0001093:"
"1770","OG0001230:"
"1771","OG0001237:"
"1772","OG0001250:"
"1773","OG0001262:"
"1774","OG0001336:"
"1775","OG0001468:"
"1776","OG0001509:"
"1777","OG0001540:"
"1778","OG0001632:"
"1779","OG0001687:"
"1780","OG0001722:"
"1781","OG0000052:"
"1782","OG0000174:"
"1783","OG0000179:"
"1784","OG0000203:"
"1785","OG0000207:"
"1786","OG0000339:"
"1787","OG0000390:"
"1788","OG0000394:"
"1789","OG0000438:"
"1790","OG0000491:"
"1791","OG0000514:"
"1792","OG0000565:"
"1793","OG0000569:"
"1794","OG0000591:"
"1795","OG0000594:"
"1796","OG0000622:"
"1797","OG0000623:"
"1798","OG0000642:"
"1799","OG0000643:"
"1800","OG0000644:"
"1801","OG0000686:"
"1802","OG0000701:"
"1803","OG0000702:"
"1804","OG0000841:"
"1805","OG0000846:"
"1806","OG0000875:"
"1807","OG0000905:"
"1808","OG0001037:"
"1809","OG0001058:"
"1810","OG0001061:"
"1811","OG0001241:"
"1812","OG0001304:"
"1813","OG0001446:"
"1814","OG0001466:"
"1815","OG0001476:"
"1816","OG0001524:"
"1817","OG0001620:"
"1818","OG0001671:"
"1819","OG0001709:"
"1820","OG0000098:"
"1821","OG0000099:"
"1822","OG0000123:"
"1823","OG0000135:"
"1824","OG0000147:"
"1825","OG0000178:"
"1826","OG0000251:"
"1827","OG0000300:"
"1828","OG0000326:"
"1829","OG0000383:"
"1830","OG0000392:"
"1831","OG0000393:"
"1832","OG0000395:"
"1833","OG0000443:"
"1834","OG0000460:"
"1835","OG0000461:"
"1836","OG0000499:"
"1837","OG0000547:"
"1838","OG0000567:"
"1839","OG0000568:"
"1840","OG0000575:"
"1841","OG0000630:"
"1842","OG0000641:"
"1843","OG0000776:"
"1844","OG0000790:"
"1845","OG0000799:"
"1846","OG0000800:"
"1847","OG0000844:"
"1848","OG0000856:"
"1849","OG0000876:"
"1850","OG0000880:"
"1851","OG0001059:"
"1852","OG0001080:"
"1853","OG0001120:"
"1854","OG0001124:"
"1855","OG0001139:"
"1856","OG0001151:"
"1857","OG0001172:"
"1858","OG0001242:"
"1859","OG0001297:"
"1860","OG0001342:"
"1861","OG0001343:"
"1862","OG0001413:"
"1863","OG0001427:"
"1864","OG0001443:"
"1865","OG0001577:"
"1866","OG0001592:"
"1867","OG0001627:"
"1868","OG0001660:"
"1869","OG0001681:"
"1870","OG0000036:"
"1871","OG0000040:"
"1872","OG0000045:"
"1873","OG0000072:"
"1874","OG0000121:"
"1875","OG0000199:"
"1876","OG0000227:"
"1877","OG0000278:"
"1878","OG0000303:"
"1879","OG0000338:"
"1880","OG0000359:"
"1881","OG0000360:"
"1882","OG0000487:"
"1883","OG0000531:"
"1884","OG0000546:"
"1885","OG0000563:"
"1886","OG0000570:"
"1887","OG0000593:"
"1888","OG0000625:"
"1889","OG0000646:"
"1890","OG0000725:"
"1891","OG0000726:"
"1892","OG0000821:"
"1893","OG0001040:"
"1894","OG0001081:"
"1895","OG0001114:"
"1896","OG0001137:"
"1897","OG0001189:"
"1898","OG0001195:"
"1899","OG0001205:"
"1900","OG0001211:"
"1901","OG0001233:"
"1902","OG0001253:"
"1903","OG0001255:"
"1904","OG0001271:"
"1905","OG0001296:"
"1906","OG0001308:"
"1907","OG0001352:"
"1908","OG0001361:"
"1909","OG0001403:"
"1910","OG0001408:"
"1911","OG0001462:"
"1912","OG0001487:"
"1913","OG0001504:"
"1914","OG0001506:"
"1915","OG0001542:"
"1916","OG0001574:"
"1917","OG0001663:"
"1918","OG0001668:"
"1919","OG0000122:"
"1920","OG0000170:"
"1921","OG0000209:"
"1922","OG0000226:"
"1923","OG0000234:"
"1924","OG0000254:"
"1925","OG0000332:"
"1926","OG0000442:"
"1927","OG0000466:"
"1928","OG0000500:"
"1929","OG0000595:"
"1930","OG0000647:"
"1931","OG0000648:"
"1932","OG0000650:"
"1933","OG0000661:"
"1934","OG0000730:"
"1935","OG0000757:"
"1936","OG0000998:"
"1937","OG0001046:"
"1938","OG0001072:"
"1939","OG0001099:"
"1940","OG0001254:"
"1941","OG0001315:"
"1942","OG0001369:"
"1943","OG0001376:"
"1944","OG0001388:"
"1945","OG0001405:"
"1946","OG0001502:"
"1947","OG0000067:"
"1948","OG0000175:"
"1949","OG0000206:"
"1950","OG0000250:"
"1951","OG0000279:"
"1952","OG0000413:"
"1953","OG0000422:"
"1954","OG0000467:"
"1955","OG0000468:"
"1956","OG0000472:"
"1957","OG0000560:"
"1958","OG0000645:"
"1959","OG0000802:"
"1960","OG0000830:"
"1961","OG0000858:"
"1962","OG0000869:"
"1963","OG0000877:"
"1964","OG0000878:"
"1965","OG0000983:"
"1966","OG0001018:"
"1967","OG0001064:"
"1968","OG0001204:"
"1969","OG0001380:"
"1970","OG0001390:"
"1971","OG0001392:"
"1972","OG0001482:"
"1973","OG0001486:"
"1974","OG0001505:"
"1975","OG0001515:"
"1976","OG0001533:"
"1977","OG0001547:"
"1978","OG0001559:"
"1979","OG0000164:"
"1980","OG0000177:"
"1981","OG0000257:"
"1982","OG0000311:"
"1983","OG0000464:"
"1984","OG0000471:"
"1985","OG0000473:"
"1986","OG0000474:"
"1987","OG0000724:"
"1988","OG0000754:"
"1989","OG0000826:"
"1990","OG0000870:"
"1991","OG0000906:"
"1992","OG0000907:"
"1993","OG0000966:"
"1994","OG0000997:"
"1995","OG0001071:"
"1996","OG0001150:"
"1997","OG0001201:"
"1998","OG0001351:"
"1999","OG0001372:"
"2000","OG0001391:"
"2001","OG0001435:"
"2002","OG0001561:"
"2003","OG0001572:"
"2004","OG0001587:"
"2005","OG0000117:"
"2006","OG0000144:"
"2007","OG0000176:"
"2008","OG0000180:"
"2009","OG0000274:"
"2010","OG0000282:"
"2011","OG0000331:"
"2012","OG0000348:"
"2013","OG0000352:"
"2014","OG0000353:"
"2015","OG0000373:"
"2016","OG0000462:"
"2017","OG0000463:"
"2018","OG0000470:"
"2019","OG0000627:"
"2020","OG0000649:"
"2021","OG0000657:"
"2022","OG0000755:"
"2023","OG0000827:"
"2024","OG0001029:"
"2025","OG0001044:"
"2026","OG0001073:"
"2027","OG0001102:"
"2028","OG0001103:"
"2029","OG0001177:"
"2030","OG0001202:"
"2031","OG0001203:"
"2032","OG0001206:"
"2033","OG0001236:"
"2034","OG0001319:"
"2035","OG0001337:"
"2036","OG0001365:"
"2037","OG0001531:"
"2038","OG0000078:"
"2039","OG0000145:"
"2040","OG0000158:"
"2041","OG0000210:"
"2042","OG0000222:"
"2043","OG0000224:"
"2044","OG0000288:"
"2045","OG0000305:"
"2046","OG0000327:"
"2047","OG0000340:"
"2048","OG0000354:"
"2049","OG0000469:"
"2050","OG0000633:"
"2051","OG0000635:"
"2052","OG0000751:"
"2053","OG0000752:"
"2054","OG0000792:"
"2055","OG0000824:"
"2056","OG0000825:"
"2057","OG0000908:"
"2058","OG0000993:"
"2059","OG0001144:"
"2060","OG0001160:"
"2061","OG0001229:"
"2062","OG0001232:"
"2063","OG0001269:"
"2064","OG0001303:"
"2065","OG0001354:"
"2066","OG0001458:"
"2067","OG0001529:"
"2068","OG0000046:"
"2069","OG0000087:"
"2070","OG0000136:"
"2071","OG0000188:"
"2072","OG0000195:"
"2073","OG0000302:"
"2074","OG0000330:"
"2075","OG0000350:"
"2076","OG0000351:"
"2077","OG0000505:"
"2078","OG0000516:"
"2079","OG0000517:"
"2080","OG0000608:"
"2081","OG0000610:"
"2082","OG0000611:"
"2083","OG0000676:"
"2084","OG0000700:"
"2085","OG0000750:"
"2086","OG0000793:"
"2087","OG0000828:"
"2088","OG0000829:"
"2089","OG0000831:"
"2090","OG0000893:"
"2091","OG0000917:"
"2092","OG0000959:"
"2093","OG0000960:"
"2094","OG0001056:"
"2095","OG0001074:"
"2096","OG0001148:"
"2097","OG0001157:"
"2098","OG0001191:"
"2099","OG0001234:"
"2100","OG0001238:"
"2101","OG0001260:"
"2102","OG0001292:"
"2103","OG0001316:"
"2104","OG0001321:"
"2105","OG0001355:"
"2106","OG0001362:"
"2107","OG0001407:"
"2108","OG0001449:"
"2109","OG0001451:"
"2110","OG0001464:"
"2111","OG0000043:"
"2112","OG0000055:"
"2113","OG0000157:"
"2114","OG0000208:"
"2115","OG0000310:"
"2116","OG0000333:"
"2117","OG0000349:"
"2118","OG0000367:"
"2119","OG0000396:"
"2120","OG0000398:"
"2121","OG0000485:"
"2122","OG0000495:"
"2123","OG0000508:"
"2124","OG0000515:"
"2125","OG0000518:"
"2126","OG0000600:"
"2127","OG0000634:"
"2128","OG0000673:"
"2129","OG0000674:"
"2130","OG0000722:"
"2131","OG0000728:"
"2132","OG0000753:"
"2133","OG0000832:"
"2134","OG0000864:"
"2135","OG0000865:"
"2136","OG0001027:"
"2137","OG0001032:"
"2138","OG0001038:"
"2139","OG0001094:"
"2140","OG0001145:"
"2141","OG0001156:"
"2142","OG0001161:"
"2143","OG0001213:"
"2144","OG0001265:"
"2145","OG0001322:"
"2146","OG0001374:"
"2147","OG0001425:"
"2148","OG0001432:"
"2149","OG0000061:"
"2150","OG0000071:"
"2151","OG0000101:"
"2152","OG0000156:"
"2153","OG0000185:"
"2154","OG0000186:"
"2155","OG0000215:"
"2156","OG0000329:"
"2157","OG0000347:"
"2158","OG0000483:"
"2159","OG0000521:"
"2160","OG0000599:"
"2161","OG0000606:"
"2162","OG0000607:"
"2163","OG0000609:"
"2164","OG0000613:"
"2165","OG0000669:"
"2166","OG0000670:"
"2167","OG0000671:"
"2168","OG0000672:"
"2169","OG0000675:"
"2170","OG0000679:"
"2171","OG0000758:"
"2172","OG0000823:"
"2173","OG0000833:"
"2174","OG0000887:"
"2175","OG0000961:"
"2176","OG0000988:"
"2177","OG0001002:"
"2178","OG0001015:"
"2179","OG0001179:"
"2180","OG0001247:"
"2181","OG0001248:"
"2182","OG0001274:"
"2183","OG0001313:"
"2184","OG0001375:"
"2185","OG0001400:"
"2186","OG0001454:"
"2187","OG0001460:"
"2188","OG0000153:"
"2189","OG0000171:"
"2190","OG0000265:"
"2191","OG0000276:"
"2192","OG0000346:"
"2193","OG0000397:"
"2194","OG0000399:"
"2195","OG0000481:"
"2196","OG0000484:"
"2197","OG0000506:"
"2198","OG0000538:"
"2199","OG0000550:"
"2200","OG0000602:"
"2201","OG0000796:"
"2202","OG0000811:"
"2203","OG0000857:"
"2204","OG0000883:"
"2205","OG0000886:"
"2206","OG0000895:"
"2207","OG0000987:"
"2208","OG0001054:"
"2209","OG0001109:"
"2210","OG0001171:"
"2211","OG0001178:"
"2212","OG0001194:"
"2213","OG0001208:"
"2214","OG0001209:"
"2215","OG0001314:"
"2216","OG0001341:"
"2217","OG0001357:"
"2218","OG0000059:"
"2219","OG0000129:"
"2220","OG0000221:"
"2221","OG0000223:"
"2222","OG0000242:"
"2223","OG0000260:"
"2224","OG0000261:"
"2225","OG0000368:"
"2226","OG0000428:"
"2227","OG0000430:"
"2228","OG0000486:"
"2229","OG0000543:"
"2230","OG0000544:"
"2231","OG0000553:"
"2232","OG0000680:"
"2233","OG0000683:"
"2234","OG0000868:"
"2235","OG0000882:"
"2236","OG0000885:"
"2237","OG0000896:"
"2238","OG0000897:"
"2239","OG0001036:"
"2240","OG0001098:"
"2241","OG0001244:"
"2242","OG0001273:"
"2243","OG0001275:"
"2244","OG0001280:"
"2245","OG0001366:"
"2246","OG0000083:"
"2247","OG0000133:"
"2248","OG0000237:"
"2249","OG0000277:"
"2250","OG0000293:"
"2251","OG0000369:"
"2252","OG0000420:"
"2253","OG0000429:"
"2254","OG0000431:"
"2255","OG0000432:"
"2256","OG0000482:"
"2257","OG0000488:"
"2258","OG0000612:"
"2259","OG0000681:"
"2260","OG0000682:"
"2261","OG0000723:"
"2262","OG0000731:"
"2263","OG0000773:"
"2264","OG0000822:"
"2265","OG0000845:"
"2266","OG0000867:"
"2267","OG0000884:"
"2268","OG0000892:"
"2269","OG0000903:"
"2270","OG0000958:"
"2271","OG0000982:"
"2272","OG0000109:"
"2273","OG0000155:"
"2274","OG0000244:"
"2275","OG0000275:"
"2276","OG0000084:"
"2277","OG0000151:"
"2278","OG0000037:"
"2279","OG0000086:"
"2280","OG0000091:"
"2281","OG0000038:"
"2282","OG0000044:"
"2283","OG0000041:"
"2284","OG0000035:"
