"","rn","V1"
"1","OG0000000:",2
"2","OG0000001:",2
"3","OG0000002:",2
"4","OG0000003:",3
"5","OG0000004:",2
"6","OG0000005:",3
"7","OG0000006:",3
"8","OG0000007:",2
"9","OG0000008:",3
"10","OG0000009:",2
"11","OG0000010:",3
"12","OG0000011:",2
"13","OG0000012:",2
"14","OG0000013:",3
"15","OG0000014:",3
"16","OG0000015:",3
"17","OG0000016:",3
"18","OG0000017:",2
"19","OG0000018:",2
"20","OG0000019:",3
"21","OG0000020:",3
"22","OG0000021:",3
"23","OG0000022:",3
"24","OG0000023:",3
"25","OG0000024:",3
"26","OG0000025:",3
"27","OG0000026:",3
"28","OG0000027:",3
"29","OG0000028:",2
"30","OG0000029:",2
"31","OG0000030:",2
"32","OG0000031:",3
"33","OG0000032:",3
"34","OG0000033:",3
"35","OG0000034:",3
"36","OG0000035:",3
"37","OG0000036:",3
"38","OG0000037:",3
"39","OG0000038:",3
"40","OG0000039:",2
"41","OG0000040:",3
"42","OG0000041:",2
"43","OG0000042:",3
"44","OG0000043:",2
"45","OG0000044:",2
"46","OG0000045:",3
"47","OG0000046:",3
"48","OG0000047:",3
"49","OG0000048:",3
"50","OG0000049:",3
"51","OG0000050:",3
"52","OG0000051:",3
"53","OG0000052:",3
"54","OG0000053:",2
"55","OG0000054:",3
"56","OG0000055:",3
"57","OG0000056:",3
"58","OG0000057:",3
"59","OG0000058:",3
"60","OG0000059:",3
"61","OG0000060:",3
"62","OG0000061:",2
"63","OG0000062:",2
"64","OG0000063:",2
"65","OG0000064:",2
"66","OG0000065:",2
"67","OG0000066:",2
"68","OG0000067:",2
"69","OG0000068:",2
"70","OG0000069:",2
"71","OG0000070:",2
"72","OG0000071:",3
"73","OG0000072:",3
"74","OG0000073:",3
"75","OG0000074:",3
"76","OG0000075:",3
"77","OG0000076:",3
"78","OG0000077:",3
"79","OG0000078:",3
"80","OG0000079:",3
"81","OG0000080:",3
"82","OG0000081:",3
"83","OG0000082:",3
"84","OG0000083:",3
"85","OG0000084:",3
"86","OG0000085:",3
"87","OG0000086:",3
"88","OG0000087:",3
"89","OG0000088:",3
"90","OG0000089:",3
"91","OG0000090:",3
"92","OG0000091:",3
"93","OG0000092:",3
"94","OG0000093:",3
"95","OG0000094:",3
"96","OG0000095:",3
"97","OG0000096:",3
"98","OG0000097:",3
"99","OG0000098:",3
"100","OG0000099:",3
"101","OG0000100:",3
"102","OG0000101:",3
"103","OG0000102:",3
"104","OG0000103:",3
"105","OG0000104:",3
"106","OG0000105:",3
"107","OG0000106:",3
"108","OG0000107:",3
"109","OG0000108:",3
"110","OG0000109:",3
"111","OG0000110:",3
"112","OG0000111:",3
"113","OG0000112:",3
"114","OG0000113:",3
"115","OG0000114:",3
"116","OG0000115:",3
"117","OG0000116:",3
"118","OG0000117:",3
"119","OG0000118:",3
"120","OG0000119:",3
"121","OG0000120:",3
"122","OG0000121:",3
"123","OG0000122:",3
"124","OG0000123:",3
"125","OG0000124:",3
"126","OG0000125:",3
"127","OG0000126:",3
"128","OG0000127:",3
"129","OG0000128:",3
"130","OG0000129:",3
"131","OG0000130:",3
"132","OG0000131:",3
"133","OG0000132:",3
"134","OG0000133:",3
"135","OG0000134:",3
"136","OG0000135:",3
"137","OG0000136:",3
"138","OG0000137:",3
"139","OG0000138:",3
"140","OG0000139:",3
"141","OG0000140:",3
"142","OG0000141:",3
"143","OG0000142:",3
"144","OG0000143:",3
"145","OG0000144:",3
"146","OG0000145:",3
"147","OG0000146:",3
"148","OG0000147:",3
"149","OG0000148:",3
"150","OG0000149:",3
"151","OG0000150:",3
"152","OG0000151:",3
"153","OG0000152:",3
"154","OG0000153:",3
"155","OG0000154:",3
"156","OG0000155:",3
"157","OG0000156:",3
"158","OG0000157:",3
"159","OG0000158:",3
"160","OG0000159:",3
"161","OG0000160:",3
"162","OG0000161:",3
"163","OG0000162:",3
"164","OG0000163:",3
"165","OG0000164:",3
"166","OG0000165:",3
"167","OG0000166:",3
"168","OG0000167:",3
"169","OG0000168:",3
"170","OG0000169:",3
"171","OG0000170:",3
"172","OG0000171:",3
"173","OG0000172:",3
"174","OG0000173:",3
"175","OG0000174:",3
"176","OG0000175:",3
"177","OG0000176:",3
"178","OG0000177:",3
"179","OG0000178:",3
"180","OG0000179:",3
"181","OG0000180:",3
"182","OG0000181:",3
"183","OG0000182:",3
"184","OG0000183:",3
"185","OG0000184:",3
"186","OG0000185:",3
"187","OG0000186:",3
"188","OG0000187:",3
"189","OG0000188:",3
"190","OG0000189:",3
"191","OG0000190:",3
"192","OG0000191:",3
"193","OG0000192:",3
"194","OG0000193:",3
"195","OG0000194:",3
"196","OG0000195:",3
"197","OG0000196:",3
"198","OG0000197:",3
"199","OG0000198:",3
"200","OG0000199:",3
"201","OG0000200:",3
"202","OG0000201:",3
"203","OG0000202:",3
"204","OG0000203:",3
"205","OG0000204:",3
"206","OG0000205:",3
"207","OG0000206:",3
"208","OG0000207:",3
"209","OG0000208:",3
"210","OG0000209:",3
"211","OG0000210:",3
"212","OG0000211:",3
"213","OG0000212:",3
"214","OG0000213:",3
"215","OG0000214:",3
"216","OG0000215:",3
"217","OG0000216:",3
"218","OG0000217:",3
"219","OG0000218:",3
"220","OG0000219:",3
"221","OG0000220:",3
"222","OG0000221:",3
"223","OG0000222:",3
"224","OG0000223:",3
"225","OG0000224:",3
"226","OG0000225:",3
"227","OG0000226:",3
"228","OG0000227:",3
"229","OG0000228:",3
"230","OG0000229:",3
"231","OG0000230:",3
"232","OG0000231:",3
"233","OG0000232:",3
"234","OG0000233:",3
"235","OG0000234:",3
"236","OG0000235:",3
"237","OG0000236:",3
"238","OG0000237:",3
"239","OG0000238:",3
"240","OG0000239:",3
"241","OG0000240:",3
"242","OG0000241:",3
"243","OG0000242:",3
"244","OG0000243:",3
"245","OG0000244:",3
"246","OG0000245:",3
"247","OG0000246:",3
"248","OG0000247:",3
"249","OG0000248:",3
"250","OG0000249:",3
"251","OG0000250:",3
"252","OG0000251:",3
"253","OG0000252:",3
"254","OG0000253:",3
"255","OG0000254:",3
"256","OG0000255:",3
"257","OG0000256:",3
"258","OG0000257:",3
"259","OG0000258:",3
"260","OG0000259:",3
"261","OG0000260:",3
"262","OG0000261:",3
"263","OG0000262:",3
"264","OG0000263:",3
"265","OG0000264:",3
"266","OG0000265:",3
"267","OG0000266:",3
"268","OG0000267:",3
"269","OG0000268:",3
"270","OG0000269:",3
"271","OG0000270:",3
"272","OG0000271:",3
"273","OG0000272:",3
"274","OG0000273:",3
"275","OG0000274:",3
"276","OG0000275:",3
"277","OG0000276:",3
"278","OG0000277:",3
"279","OG0000278:",3
"280","OG0000279:",3
"281","OG0000280:",3
"282","OG0000281:",3
"283","OG0000282:",3
"284","OG0000283:",3
"285","OG0000284:",3
"286","OG0000285:",3
"287","OG0000286:",3
"288","OG0000287:",3
"289","OG0000288:",3
"290","OG0000289:",3
"291","OG0000290:",3
"292","OG0000291:",3
"293","OG0000292:",3
"294","OG0000293:",3
"295","OG0000294:",3
"296","OG0000295:",3
"297","OG0000296:",3
"298","OG0000297:",3
"299","OG0000298:",3
"300","OG0000299:",3
"301","OG0000300:",3
"302","OG0000301:",3
"303","OG0000302:",3
"304","OG0000303:",3
"305","OG0000304:",3
"306","OG0000305:",3
"307","OG0000306:",3
"308","OG0000307:",3
"309","OG0000308:",3
"310","OG0000309:",3
"311","OG0000310:",3
"312","OG0000311:",3
"313","OG0000312:",3
"314","OG0000313:",3
"315","OG0000314:",3
"316","OG0000315:",3
"317","OG0000316:",3
"318","OG0000317:",3
"319","OG0000318:",3
"320","OG0000319:",3
"321","OG0000320:",3
"322","OG0000321:",3
"323","OG0000322:",3
"324","OG0000323:",3
"325","OG0000324:",3
"326","OG0000325:",3
"327","OG0000326:",3
"328","OG0000327:",3
"329","OG0000328:",3
"330","OG0000329:",3
"331","OG0000330:",3
"332","OG0000331:",3
"333","OG0000332:",3
"334","OG0000333:",3
"335","OG0000334:",3
"336","OG0000335:",3
"337","OG0000336:",3
"338","OG0000337:",3
"339","OG0000338:",3
"340","OG0000339:",3
"341","OG0000340:",3
"342","OG0000341:",3
"343","OG0000342:",3
"344","OG0000343:",3
"345","OG0000344:",3
"346","OG0000345:",3
"347","OG0000346:",3
"348","OG0000347:",3
"349","OG0000348:",3
"350","OG0000349:",3
"351","OG0000350:",3
"352","OG0000351:",3
"353","OG0000352:",3
"354","OG0000353:",3
"355","OG0000354:",3
"356","OG0000355:",3
"357","OG0000356:",3
"358","OG0000357:",3
"359","OG0000358:",3
"360","OG0000359:",3
"361","OG0000360:",3
"362","OG0000361:",3
"363","OG0000362:",3
"364","OG0000363:",3
"365","OG0000364:",3
"366","OG0000365:",3
"367","OG0000366:",3
"368","OG0000367:",3
"369","OG0000368:",3
"370","OG0000369:",3
"371","OG0000370:",3
"372","OG0000371:",3
"373","OG0000372:",3
"374","OG0000373:",3
"375","OG0000374:",3
"376","OG0000375:",3
"377","OG0000376:",3
"378","OG0000377:",3
"379","OG0000378:",3
"380","OG0000379:",3
"381","OG0000380:",3
"382","OG0000381:",3
"383","OG0000382:",3
"384","OG0000383:",3
"385","OG0000384:",3
"386","OG0000385:",3
"387","OG0000386:",3
"388","OG0000387:",3
"389","OG0000388:",3
"390","OG0000389:",3
"391","OG0000390:",3
"392","OG0000391:",3
"393","OG0000392:",3
"394","OG0000393:",3
"395","OG0000394:",3
"396","OG0000395:",3
"397","OG0000396:",3
"398","OG0000397:",3
"399","OG0000398:",3
"400","OG0000399:",3
"401","OG0000400:",3
"402","OG0000401:",3
"403","OG0000402:",3
"404","OG0000403:",3
"405","OG0000404:",3
"406","OG0000405:",3
"407","OG0000406:",3
"408","OG0000407:",3
"409","OG0000408:",3
"410","OG0000409:",3
"411","OG0000410:",3
"412","OG0000411:",3
"413","OG0000412:",3
"414","OG0000413:",3
"415","OG0000414:",3
"416","OG0000415:",3
"417","OG0000416:",3
"418","OG0000417:",3
"419","OG0000418:",3
"420","OG0000419:",3
"421","OG0000420:",3
"422","OG0000421:",3
"423","OG0000422:",3
"424","OG0000423:",3
"425","OG0000424:",3
"426","OG0000425:",3
"427","OG0000426:",3
"428","OG0000427:",3
"429","OG0000428:",3
"430","OG0000429:",3
"431","OG0000430:",3
"432","OG0000431:",3
"433","OG0000432:",3
"434","OG0000433:",3
"435","OG0000434:",3
"436","OG0000435:",3
"437","OG0000436:",3
"438","OG0000437:",3
"439","OG0000438:",3
"440","OG0000439:",3
"441","OG0000440:",3
"442","OG0000441:",3
"443","OG0000442:",3
"444","OG0000443:",3
"445","OG0000444:",3
"446","OG0000445:",3
"447","OG0000446:",3
"448","OG0000447:",3
"449","OG0000448:",3
"450","OG0000449:",3
"451","OG0000450:",3
"452","OG0000451:",3
"453","OG0000452:",3
"454","OG0000453:",3
"455","OG0000454:",3
"456","OG0000455:",3
"457","OG0000456:",3
"458","OG0000457:",3
"459","OG0000458:",3
"460","OG0000459:",3
"461","OG0000460:",3
"462","OG0000461:",3
"463","OG0000462:",3
"464","OG0000463:",3
"465","OG0000464:",3
"466","OG0000465:",3
"467","OG0000466:",3
"468","OG0000467:",3
"469","OG0000468:",3
"470","OG0000469:",3
"471","OG0000470:",3
"472","OG0000471:",3
"473","OG0000472:",3
"474","OG0000473:",3
"475","OG0000474:",3
"476","OG0000475:",3
"477","OG0000476:",3
"478","OG0000477:",3
"479","OG0000478:",3
"480","OG0000479:",3
"481","OG0000480:",3
"482","OG0000481:",3
"483","OG0000482:",3
"484","OG0000483:",3
"485","OG0000484:",3
"486","OG0000485:",3
"487","OG0000486:",3
"488","OG0000487:",3
"489","OG0000488:",3
"490","OG0000489:",3
"491","OG0000490:",3
"492","OG0000491:",3
"493","OG0000492:",3
"494","OG0000493:",3
"495","OG0000494:",3
"496","OG0000495:",3
"497","OG0000496:",3
"498","OG0000497:",3
"499","OG0000498:",3
"500","OG0000499:",3
"501","OG0000500:",3
"502","OG0000501:",3
"503","OG0000502:",3
"504","OG0000503:",3
"505","OG0000504:",3
"506","OG0000505:",3
"507","OG0000506:",3
"508","OG0000507:",3
"509","OG0000508:",3
"510","OG0000509:",3
"511","OG0000510:",3
"512","OG0000511:",3
"513","OG0000512:",3
"514","OG0000513:",3
"515","OG0000514:",3
"516","OG0000515:",3
"517","OG0000516:",3
"518","OG0000517:",3
"519","OG0000518:",3
"520","OG0000519:",3
"521","OG0000520:",3
"522","OG0000521:",3
"523","OG0000522:",3
"524","OG0000523:",3
"525","OG0000524:",3
"526","OG0000525:",3
"527","OG0000526:",3
"528","OG0000527:",3
"529","OG0000528:",3
"530","OG0000529:",3
"531","OG0000530:",3
"532","OG0000531:",3
"533","OG0000532:",3
"534","OG0000533:",3
"535","OG0000534:",3
"536","OG0000535:",3
"537","OG0000536:",3
"538","OG0000537:",3
"539","OG0000538:",3
"540","OG0000539:",3
"541","OG0000540:",3
"542","OG0000541:",3
"543","OG0000542:",3
"544","OG0000543:",3
"545","OG0000544:",3
"546","OG0000545:",3
"547","OG0000546:",3
"548","OG0000547:",3
"549","OG0000548:",3
"550","OG0000549:",3
"551","OG0000550:",3
"552","OG0000551:",3
"553","OG0000552:",3
"554","OG0000553:",3
"555","OG0000554:",3
"556","OG0000555:",3
"557","OG0000556:",3
"558","OG0000557:",3
"559","OG0000558:",3
"560","OG0000559:",3
"561","OG0000560:",3
"562","OG0000561:",3
"563","OG0000562:",3
"564","OG0000563:",3
"565","OG0000564:",3
"566","OG0000565:",3
"567","OG0000566:",3
"568","OG0000567:",3
"569","OG0000568:",3
"570","OG0000569:",3
"571","OG0000570:",3
"572","OG0000571:",3
"573","OG0000572:",3
"574","OG0000573:",3
"575","OG0000574:",3
"576","OG0000575:",3
"577","OG0000576:",3
"578","OG0000577:",3
"579","OG0000578:",3
"580","OG0000579:",3
"581","OG0000580:",3
"582","OG0000581:",3
"583","OG0000582:",3
"584","OG0000583:",3
"585","OG0000584:",3
"586","OG0000585:",3
"587","OG0000586:",3
"588","OG0000587:",3
"589","OG0000588:",3
"590","OG0000589:",3
"591","OG0000590:",3
"592","OG0000591:",3
"593","OG0000592:",3
"594","OG0000593:",3
"595","OG0000594:",3
"596","OG0000595:",3
"597","OG0000596:",3
"598","OG0000597:",3
"599","OG0000598:",3
"600","OG0000599:",3
"601","OG0000600:",3
"602","OG0000601:",3
"603","OG0000602:",3
"604","OG0000603:",3
"605","OG0000604:",3
"606","OG0000605:",3
"607","OG0000606:",3
"608","OG0000607:",3
"609","OG0000608:",3
"610","OG0000609:",3
"611","OG0000610:",3
"612","OG0000611:",3
"613","OG0000612:",3
"614","OG0000613:",3
"615","OG0000614:",3
"616","OG0000615:",3
"617","OG0000616:",3
"618","OG0000617:",3
"619","OG0000618:",3
"620","OG0000619:",3
"621","OG0000620:",3
"622","OG0000621:",3
"623","OG0000622:",3
"624","OG0000623:",3
"625","OG0000624:",3
"626","OG0000625:",3
"627","OG0000626:",3
"628","OG0000627:",3
"629","OG0000628:",3
"630","OG0000629:",3
"631","OG0000630:",3
"632","OG0000631:",3
"633","OG0000632:",3
"634","OG0000633:",3
"635","OG0000634:",3
"636","OG0000635:",3
"637","OG0000636:",3
"638","OG0000637:",3
"639","OG0000638:",3
"640","OG0000639:",3
"641","OG0000640:",3
"642","OG0000641:",3
"643","OG0000642:",3
"644","OG0000643:",3
"645","OG0000644:",3
"646","OG0000645:",3
"647","OG0000646:",3
"648","OG0000647:",3
"649","OG0000648:",3
"650","OG0000649:",3
"651","OG0000650:",3
"652","OG0000651:",3
"653","OG0000652:",3
"654","OG0000653:",3
"655","OG0000654:",3
"656","OG0000655:",3
"657","OG0000656:",3
"658","OG0000657:",3
"659","OG0000658:",3
"660","OG0000659:",3
"661","OG0000660:",3
"662","OG0000661:",3
"663","OG0000662:",3
"664","OG0000663:",3
"665","OG0000664:",3
"666","OG0000665:",3
"667","OG0000666:",3
"668","OG0000667:",3
"669","OG0000668:",3
"670","OG0000669:",3
"671","OG0000670:",3
"672","OG0000671:",3
"673","OG0000672:",3
"674","OG0000673:",3
"675","OG0000674:",3
"676","OG0000675:",3
"677","OG0000676:",3
"678","OG0000677:",3
"679","OG0000678:",3
"680","OG0000679:",3
"681","OG0000680:",3
"682","OG0000681:",3
"683","OG0000682:",3
"684","OG0000683:",3
"685","OG0000684:",3
"686","OG0000685:",3
"687","OG0000686:",3
"688","OG0000687:",3
"689","OG0000688:",3
"690","OG0000689:",3
"691","OG0000690:",3
"692","OG0000691:",3
"693","OG0000692:",3
"694","OG0000693:",3
"695","OG0000694:",3
"696","OG0000695:",3
"697","OG0000696:",3
"698","OG0000697:",3
"699","OG0000698:",3
"700","OG0000699:",3
"701","OG0000700:",3
"702","OG0000701:",3
"703","OG0000702:",3
"704","OG0000703:",3
"705","OG0000704:",3
"706","OG0000705:",3
"707","OG0000706:",3
"708","OG0000707:",3
"709","OG0000708:",3
"710","OG0000709:",3
"711","OG0000710:",3
"712","OG0000711:",3
"713","OG0000712:",3
"714","OG0000713:",3
"715","OG0000714:",3
"716","OG0000715:",3
"717","OG0000716:",3
"718","OG0000717:",3
"719","OG0000718:",3
"720","OG0000719:",3
"721","OG0000720:",3
"722","OG0000721:",3
"723","OG0000722:",3
"724","OG0000723:",3
"725","OG0000724:",3
"726","OG0000725:",3
"727","OG0000726:",3
"728","OG0000727:",3
"729","OG0000728:",3
"730","OG0000729:",3
"731","OG0000730:",3
"732","OG0000731:",3
"733","OG0000732:",3
"734","OG0000733:",3
"735","OG0000734:",3
"736","OG0000735:",3
"737","OG0000736:",3
"738","OG0000737:",3
"739","OG0000738:",3
"740","OG0000739:",3
"741","OG0000740:",3
"742","OG0000741:",3
"743","OG0000742:",3
"744","OG0000743:",3
"745","OG0000744:",3
"746","OG0000745:",3
"747","OG0000746:",3
"748","OG0000747:",3
"749","OG0000748:",3
"750","OG0000749:",3
"751","OG0000750:",3
"752","OG0000751:",3
"753","OG0000752:",3
"754","OG0000753:",3
"755","OG0000754:",3
"756","OG0000755:",3
"757","OG0000756:",3
"758","OG0000757:",3
"759","OG0000758:",3
"760","OG0000759:",3
"761","OG0000760:",3
"762","OG0000761:",3
"763","OG0000762:",3
"764","OG0000763:",3
"765","OG0000764:",3
"766","OG0000765:",3
"767","OG0000766:",3
"768","OG0000767:",3
"769","OG0000768:",3
"770","OG0000769:",3
"771","OG0000770:",3
"772","OG0000771:",3
"773","OG0000772:",3
"774","OG0000773:",3
"775","OG0000774:",3
"776","OG0000775:",3
"777","OG0000776:",3
"778","OG0000777:",3
"779","OG0000778:",3
"780","OG0000779:",3
"781","OG0000780:",3
"782","OG0000781:",3
"783","OG0000782:",3
"784","OG0000783:",3
"785","OG0000784:",3
"786","OG0000785:",3
"787","OG0000786:",3
"788","OG0000787:",3
"789","OG0000788:",3
"790","OG0000789:",3
"791","OG0000790:",3
"792","OG0000791:",3
"793","OG0000792:",3
"794","OG0000793:",3
"795","OG0000794:",3
"796","OG0000795:",3
"797","OG0000796:",3
"798","OG0000797:",3
"799","OG0000798:",3
"800","OG0000799:",3
"801","OG0000800:",3
"802","OG0000801:",3
"803","OG0000802:",3
"804","OG0000803:",3
"805","OG0000804:",3
"806","OG0000805:",3
"807","OG0000806:",3
"808","OG0000807:",3
"809","OG0000808:",3
"810","OG0000809:",3
"811","OG0000810:",3
"812","OG0000811:",3
"813","OG0000812:",3
"814","OG0000813:",3
"815","OG0000814:",3
"816","OG0000815:",3
"817","OG0000816:",3
"818","OG0000817:",3
"819","OG0000818:",3
"820","OG0000819:",3
"821","OG0000820:",3
"822","OG0000821:",3
"823","OG0000822:",3
"824","OG0000823:",3
"825","OG0000824:",3
"826","OG0000825:",3
"827","OG0000826:",3
"828","OG0000827:",3
"829","OG0000828:",3
"830","OG0000829:",3
"831","OG0000830:",3
"832","OG0000831:",3
"833","OG0000832:",3
"834","OG0000833:",3
"835","OG0000834:",3
"836","OG0000835:",3
"837","OG0000836:",3
"838","OG0000837:",3
"839","OG0000838:",3
"840","OG0000839:",3
"841","OG0000840:",3
"842","OG0000841:",3
"843","OG0000842:",3
"844","OG0000843:",3
"845","OG0000844:",3
"846","OG0000845:",3
"847","OG0000846:",3
"848","OG0000847:",3
"849","OG0000848:",3
"850","OG0000849:",3
"851","OG0000850:",3
"852","OG0000851:",3
"853","OG0000852:",3
"854","OG0000853:",3
"855","OG0000854:",3
"856","OG0000855:",3
"857","OG0000856:",3
"858","OG0000857:",3
"859","OG0000858:",3
"860","OG0000859:",3
"861","OG0000860:",3
"862","OG0000861:",3
"863","OG0000862:",3
"864","OG0000863:",3
"865","OG0000864:",3
"866","OG0000865:",3
"867","OG0000866:",3
"868","OG0000867:",3
"869","OG0000868:",3
"870","OG0000869:",3
"871","OG0000870:",3
"872","OG0000871:",3
"873","OG0000872:",3
"874","OG0000873:",3
"875","OG0000874:",3
"876","OG0000875:",3
"877","OG0000876:",3
"878","OG0000877:",3
"879","OG0000878:",3
"880","OG0000879:",3
"881","OG0000880:",3
"882","OG0000881:",3
"883","OG0000882:",3
"884","OG0000883:",3
"885","OG0000884:",3
"886","OG0000885:",3
"887","OG0000886:",3
"888","OG0000887:",3
"889","OG0000888:",3
"890","OG0000889:",3
"891","OG0000890:",3
"892","OG0000891:",3
"893","OG0000892:",3
"894","OG0000893:",3
"895","OG0000894:",3
"896","OG0000895:",3
"897","OG0000896:",3
"898","OG0000897:",3
"899","OG0000898:",3
"900","OG0000899:",3
"901","OG0000900:",3
"902","OG0000901:",3
"903","OG0000902:",3
"904","OG0000903:",3
"905","OG0000904:",3
"906","OG0000905:",3
"907","OG0000906:",3
"908","OG0000907:",3
"909","OG0000908:",3
"910","OG0000909:",3
"911","OG0000910:",3
"912","OG0000911:",3
"913","OG0000912:",3
"914","OG0000913:",3
"915","OG0000914:",3
"916","OG0000915:",3
"917","OG0000916:",3
"918","OG0000917:",3
"919","OG0000918:",3
"920","OG0000919:",3
"921","OG0000920:",3
"922","OG0000921:",3
"923","OG0000922:",3
"924","OG0000923:",3
"925","OG0000924:",3
"926","OG0000925:",3
"927","OG0000926:",3
"928","OG0000927:",3
"929","OG0000928:",3
"930","OG0000929:",3
"931","OG0000930:",3
"932","OG0000931:",3
"933","OG0000932:",3
"934","OG0000933:",3
"935","OG0000934:",3
"936","OG0000935:",3
"937","OG0000936:",3
"938","OG0000937:",3
"939","OG0000938:",3
"940","OG0000939:",3
"941","OG0000940:",3
"942","OG0000941:",3
"943","OG0000942:",3
"944","OG0000943:",3
"945","OG0000944:",3
"946","OG0000945:",3
"947","OG0000946:",3
"948","OG0000947:",3
"949","OG0000948:",3
"950","OG0000949:",3
"951","OG0000950:",3
"952","OG0000951:",3
"953","OG0000952:",3
"954","OG0000953:",3
"955","OG0000954:",3
"956","OG0000955:",3
"957","OG0000956:",3
"958","OG0000957:",3
"959","OG0000958:",3
"960","OG0000959:",3
"961","OG0000960:",3
"962","OG0000961:",3
"963","OG0000962:",3
"964","OG0000963:",3
"965","OG0000964:",3
"966","OG0000965:",3
"967","OG0000966:",3
"968","OG0000967:",3
"969","OG0000968:",3
"970","OG0000969:",3
"971","OG0000970:",3
"972","OG0000971:",3
"973","OG0000972:",3
"974","OG0000973:",3
"975","OG0000974:",3
"976","OG0000975:",3
"977","OG0000976:",3
"978","OG0000977:",3
"979","OG0000978:",3
"980","OG0000979:",3
"981","OG0000980:",3
"982","OG0000981:",3
"983","OG0000982:",3
"984","OG0000983:",3
"985","OG0000984:",3
"986","OG0000985:",3
"987","OG0000986:",3
"988","OG0000987:",3
"989","OG0000988:",3
"990","OG0000989:",3
"991","OG0000990:",3
"992","OG0000991:",3
"993","OG0000992:",3
"994","OG0000993:",3
"995","OG0000994:",3
"996","OG0000995:",3
"997","OG0000996:",3
"998","OG0000997:",3
"999","OG0000998:",3
"1000","OG0000999:",3
"1001","OG0001000:",3
"1002","OG0001001:",3
"1003","OG0001002:",3
"1004","OG0001003:",3
"1005","OG0001004:",3
"1006","OG0001005:",3
"1007","OG0001006:",3
"1008","OG0001007:",3
"1009","OG0001008:",3
"1010","OG0001009:",3
"1011","OG0001010:",3
"1012","OG0001011:",3
"1013","OG0001012:",3
"1014","OG0001013:",3
"1015","OG0001014:",3
"1016","OG0001015:",3
"1017","OG0001016:",3
"1018","OG0001017:",3
"1019","OG0001018:",3
"1020","OG0001019:",3
"1021","OG0001020:",3
"1022","OG0001021:",3
"1023","OG0001022:",3
"1024","OG0001023:",3
"1025","OG0001024:",3
"1026","OG0001025:",3
"1027","OG0001026:",3
"1028","OG0001027:",3
"1029","OG0001028:",3
"1030","OG0001029:",3
"1031","OG0001030:",3
"1032","OG0001031:",3
"1033","OG0001032:",3
"1034","OG0001033:",3
"1035","OG0001034:",3
"1036","OG0001035:",3
"1037","OG0001036:",3
"1038","OG0001037:",3
"1039","OG0001038:",3
"1040","OG0001039:",3
"1041","OG0001040:",3
"1042","OG0001041:",3
"1043","OG0001042:",3
"1044","OG0001043:",3
"1045","OG0001044:",3
"1046","OG0001045:",3
"1047","OG0001046:",3
"1048","OG0001047:",3
"1049","OG0001048:",3
"1050","OG0001049:",3
"1051","OG0001050:",3
"1052","OG0001051:",3
"1053","OG0001052:",3
"1054","OG0001053:",3
"1055","OG0001054:",3
"1056","OG0001055:",3
"1057","OG0001056:",3
"1058","OG0001057:",3
"1059","OG0001058:",3
"1060","OG0001059:",3
"1061","OG0001060:",3
"1062","OG0001061:",3
"1063","OG0001062:",3
"1064","OG0001063:",3
"1065","OG0001064:",3
"1066","OG0001065:",3
"1067","OG0001066:",3
"1068","OG0001067:",3
"1069","OG0001068:",3
"1070","OG0001069:",3
"1071","OG0001070:",3
"1072","OG0001071:",3
"1073","OG0001072:",3
"1074","OG0001073:",3
"1075","OG0001074:",3
"1076","OG0001075:",3
"1077","OG0001076:",3
"1078","OG0001077:",3
"1079","OG0001078:",3
"1080","OG0001079:",3
"1081","OG0001080:",3
"1082","OG0001081:",3
"1083","OG0001082:",3
"1084","OG0001083:",3
"1085","OG0001084:",3
"1086","OG0001085:",3
"1087","OG0001086:",3
"1088","OG0001087:",3
"1089","OG0001088:",3
"1090","OG0001089:",3
"1091","OG0001090:",3
"1092","OG0001091:",3
"1093","OG0001092:",3
"1094","OG0001093:",3
"1095","OG0001094:",3
"1096","OG0001095:",3
"1097","OG0001096:",3
"1098","OG0001097:",3
"1099","OG0001098:",3
"1100","OG0001099:",3
"1101","OG0001100:",3
"1102","OG0001101:",3
"1103","OG0001102:",3
"1104","OG0001103:",3
"1105","OG0001104:",3
"1106","OG0001105:",3
"1107","OG0001106:",3
"1108","OG0001107:",3
"1109","OG0001108:",3
"1110","OG0001109:",3
"1111","OG0001110:",3
"1112","OG0001111:",3
"1113","OG0001112:",3
"1114","OG0001113:",3
"1115","OG0001114:",3
"1116","OG0001115:",3
"1117","OG0001116:",3
"1118","OG0001117:",3
"1119","OG0001118:",3
"1120","OG0001119:",3
"1121","OG0001120:",3
"1122","OG0001121:",3
"1123","OG0001122:",3
"1124","OG0001123:",3
"1125","OG0001124:",3
"1126","OG0001125:",3
"1127","OG0001126:",3
"1128","OG0001127:",3
"1129","OG0001128:",3
"1130","OG0001129:",3
"1131","OG0001130:",3
"1132","OG0001131:",3
"1133","OG0001132:",3
"1134","OG0001133:",3
"1135","OG0001134:",3
"1136","OG0001135:",3
"1137","OG0001136:",3
"1138","OG0001137:",3
"1139","OG0001138:",3
"1140","OG0001139:",3
"1141","OG0001140:",3
"1142","OG0001141:",3
"1143","OG0001142:",3
"1144","OG0001143:",3
"1145","OG0001144:",3
"1146","OG0001145:",3
"1147","OG0001146:",3
"1148","OG0001147:",3
"1149","OG0001148:",3
"1150","OG0001149:",3
"1151","OG0001150:",3
"1152","OG0001151:",3
"1153","OG0001152:",3
"1154","OG0001153:",3
"1155","OG0001154:",3
"1156","OG0001155:",3
"1157","OG0001156:",3
"1158","OG0001157:",3
"1159","OG0001158:",3
"1160","OG0001159:",3
"1161","OG0001160:",3
"1162","OG0001161:",3
"1163","OG0001162:",3
"1164","OG0001163:",3
"1165","OG0001164:",3
"1166","OG0001165:",3
"1167","OG0001166:",3
"1168","OG0001167:",3
"1169","OG0001168:",3
"1170","OG0001169:",3
"1171","OG0001170:",3
"1172","OG0001171:",3
"1173","OG0001172:",3
"1174","OG0001173:",3
"1175","OG0001174:",3
"1176","OG0001175:",3
"1177","OG0001176:",3
"1178","OG0001177:",3
"1179","OG0001178:",3
"1180","OG0001179:",3
"1181","OG0001180:",3
"1182","OG0001181:",3
"1183","OG0001182:",3
"1184","OG0001183:",3
"1185","OG0001184:",3
"1186","OG0001185:",3
"1187","OG0001186:",3
"1188","OG0001187:",3
"1189","OG0001188:",3
"1190","OG0001189:",3
"1191","OG0001190:",3
"1192","OG0001191:",3
"1193","OG0001192:",3
"1194","OG0001193:",3
"1195","OG0001194:",3
"1196","OG0001195:",3
"1197","OG0001196:",3
"1198","OG0001197:",3
"1199","OG0001198:",3
"1200","OG0001199:",3
"1201","OG0001200:",3
"1202","OG0001201:",3
"1203","OG0001202:",3
"1204","OG0001203:",3
"1205","OG0001204:",3
"1206","OG0001205:",3
"1207","OG0001206:",3
"1208","OG0001207:",3
"1209","OG0001208:",3
"1210","OG0001209:",3
"1211","OG0001210:",3
"1212","OG0001211:",3
"1213","OG0001212:",3
"1214","OG0001213:",3
"1215","OG0001214:",3
"1216","OG0001215:",3
"1217","OG0001216:",3
"1218","OG0001217:",3
"1219","OG0001218:",3
"1220","OG0001219:",3
"1221","OG0001220:",3
"1222","OG0001221:",3
"1223","OG0001222:",3
"1224","OG0001223:",3
"1225","OG0001224:",3
"1226","OG0001225:",3
"1227","OG0001226:",3
"1228","OG0001227:",3
"1229","OG0001228:",3
"1230","OG0001229:",3
"1231","OG0001230:",3
"1232","OG0001231:",3
"1233","OG0001232:",3
"1234","OG0001233:",3
"1235","OG0001234:",3
"1236","OG0001235:",3
"1237","OG0001236:",3
"1238","OG0001237:",3
"1239","OG0001238:",3
"1240","OG0001239:",3
"1241","OG0001240:",3
"1242","OG0001241:",3
"1243","OG0001242:",3
"1244","OG0001243:",3
"1245","OG0001244:",3
"1246","OG0001245:",3
"1247","OG0001246:",3
"1248","OG0001247:",3
"1249","OG0001248:",3
"1250","OG0001249:",3
"1251","OG0001250:",3
"1252","OG0001251:",3
"1253","OG0001252:",3
"1254","OG0001253:",3
"1255","OG0001254:",3
"1256","OG0001255:",3
"1257","OG0001256:",3
"1258","OG0001257:",3
"1259","OG0001258:",3
"1260","OG0001259:",3
"1261","OG0001260:",3
"1262","OG0001261:",3
"1263","OG0001262:",3
"1264","OG0001263:",3
"1265","OG0001264:",3
"1266","OG0001265:",3
"1267","OG0001266:",3
"1268","OG0001267:",3
"1269","OG0001268:",3
"1270","OG0001269:",3
"1271","OG0001270:",3
"1272","OG0001271:",3
"1273","OG0001272:",3
"1274","OG0001273:",3
"1275","OG0001274:",3
"1276","OG0001275:",3
"1277","OG0001276:",3
"1278","OG0001277:",3
"1279","OG0001278:",3
"1280","OG0001279:",3
"1281","OG0001280:",3
"1282","OG0001281:",3
"1283","OG0001282:",3
"1284","OG0001283:",3
"1285","OG0001284:",3
"1286","OG0001285:",3
"1287","OG0001286:",3
"1288","OG0001287:",3
"1289","OG0001288:",3
"1290","OG0001289:",3
"1291","OG0001290:",3
"1292","OG0001291:",3
"1293","OG0001292:",3
"1294","OG0001293:",3
"1295","OG0001294:",3
"1296","OG0001295:",3
"1297","OG0001296:",3
"1298","OG0001297:",3
"1299","OG0001298:",3
"1300","OG0001299:",3
"1301","OG0001300:",3
"1302","OG0001301:",3
"1303","OG0001302:",3
"1304","OG0001303:",3
"1305","OG0001304:",3
"1306","OG0001305:",3
"1307","OG0001306:",3
"1308","OG0001307:",3
"1309","OG0001308:",3
"1310","OG0001309:",3
"1311","OG0001310:",3
"1312","OG0001311:",3
"1313","OG0001312:",3
"1314","OG0001313:",3
"1315","OG0001314:",3
"1316","OG0001315:",3
"1317","OG0001316:",3
"1318","OG0001317:",3
"1319","OG0001318:",3
"1320","OG0001319:",3
"1321","OG0001320:",3
"1322","OG0001321:",3
"1323","OG0001322:",3
"1324","OG0001323:",3
"1325","OG0001324:",3
"1326","OG0001325:",3
"1327","OG0001326:",2
"1328","OG0001327:",3
"1329","OG0001328:",3
"1330","OG0001329:",3
"1331","OG0001330:",3
"1332","OG0001331:",3
"1333","OG0001332:",3
"1334","OG0001333:",3
"1335","OG0001334:",3
"1336","OG0001335:",3
"1337","OG0001336:",3
"1338","OG0001337:",3
"1339","OG0001338:",3
"1340","OG0001339:",3
"1341","OG0001340:",3
"1342","OG0001341:",3
"1343","OG0001342:",3
"1344","OG0001343:",3
"1345","OG0001344:",3
"1346","OG0001345:",3
"1347","OG0001346:",3
"1348","OG0001347:",3
"1349","OG0001348:",3
"1350","OG0001349:",3
"1351","OG0001350:",3
"1352","OG0001351:",3
"1353","OG0001352:",3
"1354","OG0001353:",3
"1355","OG0001354:",3
"1356","OG0001355:",3
"1357","OG0001356:",3
"1358","OG0001357:",3
"1359","OG0001358:",3
"1360","OG0001359:",3
"1361","OG0001360:",3
"1362","OG0001361:",3
"1363","OG0001362:",3
"1364","OG0001363:",3
"1365","OG0001364:",3
"1366","OG0001365:",3
"1367","OG0001366:",3
"1368","OG0001367:",3
"1369","OG0001368:",3
"1370","OG0001369:",3
"1371","OG0001370:",3
"1372","OG0001371:",3
"1373","OG0001372:",3
"1374","OG0001373:",3
"1375","OG0001374:",3
"1376","OG0001375:",3
"1377","OG0001376:",3
"1378","OG0001377:",3
"1379","OG0001378:",3
"1380","OG0001379:",3
"1381","OG0001380:",3
"1382","OG0001381:",3
"1383","OG0001382:",3
"1384","OG0001383:",3
"1385","OG0001384:",3
"1386","OG0001385:",3
"1387","OG0001386:",3
"1388","OG0001387:",3
"1389","OG0001388:",3
"1390","OG0001389:",3
"1391","OG0001390:",3
"1392","OG0001391:",3
"1393","OG0001392:",3
"1394","OG0001393:",3
"1395","OG0001394:",3
"1396","OG0001395:",3
"1397","OG0001396:",3
"1398","OG0001397:",3
"1399","OG0001398:",3
"1400","OG0001399:",3
"1401","OG0001400:",3
"1402","OG0001401:",3
"1403","OG0001402:",3
"1404","OG0001403:",3
"1405","OG0001404:",3
"1406","OG0001405:",3
"1407","OG0001406:",3
"1408","OG0001407:",3
"1409","OG0001408:",3
"1410","OG0001409:",3
"1411","OG0001410:",3
"1412","OG0001411:",3
"1413","OG0001412:",3
"1414","OG0001413:",3
"1415","OG0001414:",3
"1416","OG0001415:",3
"1417","OG0001416:",3
"1418","OG0001417:",3
"1419","OG0001418:",3
"1420","OG0001419:",3
"1421","OG0001420:",3
"1422","OG0001421:",3
"1423","OG0001422:",3
"1424","OG0001423:",3
"1425","OG0001424:",3
"1426","OG0001425:",3
"1427","OG0001426:",2
"1428","OG0001427:",3
"1429","OG0001428:",3
"1430","OG0001429:",3
"1431","OG0001430:",3
"1432","OG0001431:",3
"1433","OG0001432:",3
"1434","OG0001433:",3
"1435","OG0001434:",3
"1436","OG0001435:",3
"1437","OG0001436:",3
"1438","OG0001437:",3
"1439","OG0001438:",3
"1440","OG0001439:",3
"1441","OG0001440:",3
"1442","OG0001441:",3
"1443","OG0001442:",3
"1444","OG0001443:",3
"1445","OG0001444:",3
"1446","OG0001445:",3
"1447","OG0001446:",3
"1448","OG0001447:",3
"1449","OG0001448:",3
"1450","OG0001449:",3
"1451","OG0001450:",3
"1452","OG0001451:",3
"1453","OG0001452:",3
"1454","OG0001453:",3
"1455","OG0001454:",3
"1456","OG0001455:",3
"1457","OG0001456:",3
"1458","OG0001457:",3
"1459","OG0001458:",3
"1460","OG0001459:",3
"1461","OG0001460:",3
"1462","OG0001461:",3
"1463","OG0001462:",3
"1464","OG0001463:",3
"1465","OG0001464:",3
"1466","OG0001465:",3
"1467","OG0001466:",3
"1468","OG0001467:",3
"1469","OG0001468:",3
"1470","OG0001469:",3
"1471","OG0001470:",3
"1472","OG0001471:",3
"1473","OG0001472:",3
"1474","OG0001473:",3
"1475","OG0001474:",3
"1476","OG0001475:",3
"1477","OG0001476:",3
"1478","OG0001477:",3
"1479","OG0001478:",3
"1480","OG0001479:",3
"1481","OG0001480:",3
"1482","OG0001481:",3
"1483","OG0001482:",3
"1484","OG0001483:",3
"1485","OG0001484:",3
"1486","OG0001485:",3
"1487","OG0001486:",3
"1488","OG0001487:",3
"1489","OG0001488:",3
"1490","OG0001489:",3
"1491","OG0001490:",3
"1492","OG0001491:",3
"1493","OG0001492:",3
"1494","OG0001493:",3
"1495","OG0001494:",3
"1496","OG0001495:",3
"1497","OG0001496:",3
"1498","OG0001497:",3
"1499","OG0001498:",3
"1500","OG0001499:",3
"1501","OG0001500:",3
"1502","OG0001501:",3
"1503","OG0001502:",3
"1504","OG0001503:",3
"1505","OG0001504:",3
"1506","OG0001505:",3
"1507","OG0001506:",3
"1508","OG0001507:",3
"1509","OG0001508:",2
"1510","OG0001509:",3
"1511","OG0001510:",3
"1512","OG0001511:",3
"1513","OG0001512:",3
"1514","OG0001513:",3
"1515","OG0001514:",3
"1516","OG0001515:",3
"1517","OG0001516:",3
"1518","OG0001517:",3
"1519","OG0001518:",3
"1520","OG0001519:",3
"1521","OG0001520:",3
"1522","OG0001521:",3
"1523","OG0001522:",3
"1524","OG0001523:",3
"1525","OG0001524:",3
"1526","OG0001525:",3
"1527","OG0001526:",3
"1528","OG0001527:",3
"1529","OG0001528:",3
"1530","OG0001529:",3
"1531","OG0001530:",3
"1532","OG0001531:",3
"1533","OG0001532:",3
"1534","OG0001533:",2
"1535","OG0001534:",3
"1536","OG0001535:",3
"1537","OG0001536:",3
"1538","OG0001537:",3
"1539","OG0001538:",3
"1540","OG0001539:",3
"1541","OG0001540:",3
"1542","OG0001541:",3
"1543","OG0001542:",3
"1544","OG0001543:",3
"1545","OG0001544:",3
"1546","OG0001545:",3
"1547","OG0001546:",3
"1548","OG0001547:",3
"1549","OG0001548:",3
"1550","OG0001549:",3
"1551","OG0001550:",3
"1552","OG0001551:",3
"1553","OG0001552:",3
"1554","OG0001553:",3
"1555","OG0001554:",2
"1556","OG0001555:",2
"1557","OG0001556:",2
"1558","OG0001557:",2
"1559","OG0001558:",2
"1560","OG0001559:",2
"1561","OG0001560:",2
"1562","OG0001561:",2
"1563","OG0001562:",2
"1564","OG0001563:",2
"1565","OG0001564:",2
"1566","OG0001565:",2
"1567","OG0001566:",2
"1568","OG0001567:",2
"1569","OG0001568:",2
"1570","OG0001569:",2
"1571","OG0001570:",2
"1572","OG0001571:",2
"1573","OG0001572:",2
"1574","OG0001573:",2
"1575","OG0001574:",2
"1576","OG0001575:",2
"1577","OG0001576:",2
"1578","OG0001577:",2
"1579","OG0001578:",2
"1580","OG0001579:",2
"1581","OG0001580:",2
"1582","OG0001581:",2
"1583","OG0001582:",2
"1584","OG0001583:",2
"1585","OG0001584:",2
"1586","OG0001585:",2
"1587","OG0001586:",2
"1588","OG0001587:",2
"1589","OG0001588:",2
"1590","OG0001589:",2
"1591","OG0001590:",2
"1592","OG0001591:",2
"1593","OG0001592:",2
"1594","OG0001593:",2
"1595","OG0001594:",2
"1596","OG0001595:",2
"1597","OG0001596:",2
"1598","OG0001597:",2
"1599","OG0001598:",2
"1600","OG0001599:",2
"1601","OG0001600:",2
"1602","OG0001601:",2
"1603","OG0001602:",2
"1604","OG0001603:",2
"1605","OG0001604:",2
"1606","OG0001605:",2
"1607","OG0001606:",2
"1608","OG0001607:",2
"1609","OG0001608:",2
"1610","OG0001609:",2
"1611","OG0001610:",2
"1612","OG0001611:",2
"1613","OG0001612:",2
"1614","OG0001613:",2
"1615","OG0001614:",2
"1616","OG0001615:",2
"1617","OG0001616:",2
"1618","OG0001617:",2
"1619","OG0001618:",2
"1620","OG0001619:",2
"1621","OG0001620:",2
"1622","OG0001621:",2
"1623","OG0001622:",2
"1624","OG0001623:",2
"1625","OG0001624:",2
"1626","OG0001625:",2
"1627","OG0001626:",2
"1628","OG0001627:",2
"1629","OG0001628:",2
"1630","OG0001629:",2
"1631","OG0001630:",2
"1632","OG0001631:",2
"1633","OG0001632:",2
"1634","OG0001633:",2
"1635","OG0001634:",2
"1636","OG0001635:",2
"1637","OG0001636:",2
"1638","OG0001637:",2
"1639","OG0001638:",2
"1640","OG0001639:",2
"1641","OG0001640:",2
"1642","OG0001641:",2
"1643","OG0001642:",2
"1644","OG0001643:",2
"1645","OG0001644:",2
"1646","OG0001645:",2
"1647","OG0001646:",2
"1648","OG0001647:",2
"1649","OG0001648:",2
"1650","OG0001649:",2
"1651","OG0001650:",2
"1652","OG0001651:",2
"1653","OG0001652:",2
"1654","OG0001653:",2
"1655","OG0001654:",2
"1656","OG0001655:",2
"1657","OG0001656:",2
"1658","OG0001657:",2
"1659","OG0001658:",2
"1660","OG0001659:",2
"1661","OG0001660:",2
"1662","OG0001661:",2
"1663","OG0001662:",2
"1664","OG0001663:",2
"1665","OG0001664:",2
"1666","OG0001665:",2
"1667","OG0001666:",2
"1668","OG0001667:",2
"1669","OG0001668:",2
"1670","OG0001669:",2
"1671","OG0001670:",2
"1672","OG0001671:",2
"1673","OG0001672:",2
"1674","OG0001673:",2
"1675","OG0001674:",2
"1676","OG0001675:",2
"1677","OG0001676:",2
"1678","OG0001677:",2
"1679","OG0001678:",2
"1680","OG0001679:",2
"1681","OG0001680:",2
"1682","OG0001681:",2
"1683","OG0001682:",2
"1684","OG0001683:",2
"1685","OG0001684:",2
"1686","OG0001685:",2
"1687","OG0001686:",2
"1688","OG0001687:",2
"1689","OG0001688:",2
"1690","OG0001689:",2
"1691","OG0001690:",2
"1692","OG0001691:",2
"1693","OG0001692:",2
"1694","OG0001693:",2
"1695","OG0001694:",2
"1696","OG0001695:",2
"1697","OG0001696:",2
"1698","OG0001697:",2
"1699","OG0001698:",2
"1700","OG0001699:",2
"1701","OG0001700:",2
"1702","OG0001701:",2
"1703","OG0001702:",2
"1704","OG0001703:",2
"1705","OG0001704:",2
"1706","OG0001705:",2
"1707","OG0001706:",2
"1708","OG0001707:",2
"1709","OG0001708:",2
"1710","OG0001709:",2
"1711","OG0001710:",2
"1712","OG0001711:",2
"1713","OG0001712:",2
"1714","OG0001713:",2
"1715","OG0001714:",2
"1716","OG0001715:",2
"1717","OG0001716:",2
"1718","OG0001717:",2
"1719","OG0001718:",2
"1720","OG0001719:",2
"1721","OG0001720:",2
"1722","OG0001721:",2
"1723","OG0001722:",2
"1724","OG0001723:",2
"1725","OG0001724:",2
"1726","OG0001725:",2
"1727","OG0001726:",2
"1728","OG0001727:",2
"1729","OG0001728:",2
"1730","OG0001729:",2
"1731","OG0001730:",2
"1732","OG0001731:",2
"1733","OG0001732:",2
"1734","OG0001733:",2
"1735","OG0001734:",2
"1736","OG0001735:",2
"1737","OG0001736:",2
"1738","OG0001737:",2
"1739","OG0001738:",2
"1740","OG0001739:",2
"1741","OG0001740:",2
"1742","OG0001741:",2
"1743","OG0001742:",2
"1744","OG0001743:",2
"1745","OG0001744:",2
"1746","OG0001745:",2
"1747","OG0001746:",2
"1748","OG0001747:",2
"1749","OG0001748:",2
"1750","OG0001749:",2
"1751","OG0001750:",2
"1752","OG0001751:",2
"1753","OG0001752:",2
"1754","OG0001753:",2
"1755","OG0001754:",2
"1756","OG0001755:",2
"1757","OG0001756:",2
"1758","OG0001757:",2
"1759","OG0001758:",2
"1760","OG0001759:",2
"1761","OG0001760:",2
"1762","OG0001761:",2
"1763","OG0001762:",2
"1764","OG0001763:",2
"1765","OG0001764:",2
"1766","OG0001765:",2
"1767","OG0001766:",2
"1768","OG0001767:",2
"1769","OG0001768:",2
"1770","OG0001769:",2
"1771","OG0001770:",2
"1772","OG0001771:",2
"1773","OG0001772:",2
"1774","OG0001773:",2
"1775","OG0001774:",2
"1776","OG0001775:",2
"1777","OG0001776:",2
"1778","OG0001777:",2
"1779","OG0001778:",2
"1780","OG0001779:",2
"1781","OG0001780:",2
"1782","OG0001781:",2
"1783","OG0001782:",2
"1784","OG0001783:",2
"1785","OG0001784:",2
"1786","OG0001785:",2
"1787","OG0001786:",2
"1788","OG0001787:",2
"1789","OG0001788:",2
"1790","OG0001789:",2
"1791","OG0001790:",2
"1792","OG0001791:",2
"1793","OG0001792:",2
"1794","OG0001793:",2
"1795","OG0001794:",2
"1796","OG0001795:",2
"1797","OG0001796:",2
"1798","OG0001797:",2
"1799","OG0001798:",2
"1800","OG0001799:",2
"1801","OG0001800:",2
"1802","OG0001801:",2
"1803","OG0001802:",2
"1804","OG0001803:",2
"1805","OG0001804:",2
"1806","OG0001805:",2
"1807","OG0001806:",2
"1808","OG0001807:",2
"1809","OG0001808:",2
"1810","OG0001809:",2
"1811","OG0001810:",2
"1812","OG0001811:",2
"1813","OG0001812:",2
"1814","OG0001813:",2
"1815","OG0001814:",2
"1816","OG0001815:",2
"1817","OG0001816:",2
"1818","OG0001817:",2
"1819","OG0001818:",2
"1820","OG0001819:",2
"1821","OG0001820:",2
"1822","OG0001821:",2
"1823","OG0001822:",2
"1824","OG0001823:",2
"1825","OG0001824:",2
"1826","OG0001825:",2
"1827","OG0001826:",2
"1828","OG0001827:",2
"1829","OG0001828:",2
"1830","OG0001829:",2
"1831","OG0001830:",2
"1832","OG0001831:",2
"1833","OG0001832:",2
"1834","OG0001833:",2
"1835","OG0001834:",2
"1836","OG0001835:",2
"1837","OG0001836:",2
"1838","OG0001837:",2
"1839","OG0001838:",2
"1840","OG0001839:",2
"1841","OG0001840:",2
"1842","OG0001841:",2
"1843","OG0001842:",2
"1844","OG0001843:",2
"1845","OG0001844:",2
"1846","OG0001845:",2
"1847","OG0001846:",2
"1848","OG0001847:",2
"1849","OG0001848:",2
"1850","OG0001849:",2
"1851","OG0001850:",2
"1852","OG0001851:",2
"1853","OG0001852:",2
"1854","OG0001853:",2
"1855","OG0001854:",2
"1856","OG0001855:",2
"1857","OG0001856:",2
"1858","OG0001857:",2
"1859","OG0001858:",2
"1860","OG0001859:",2
"1861","OG0001860:",2
"1862","OG0001861:",2
"1863","OG0001862:",2
"1864","OG0001863:",2
"1865","OG0001864:",2
"1866","OG0001865:",2
"1867","OG0001866:",2
"1868","OG0001867:",2
"1869","OG0001868:",2
"1870","OG0001869:",2
"1871","OG0001870:",2
"1872","OG0001871:",2
"1873","OG0001872:",2
"1874","OG0001873:",2
"1875","OG0001874:",2
"1876","OG0001875:",2
"1877","OG0001876:",2
"1878","OG0001877:",2
"1879","OG0001878:",2
"1880","OG0001879:",2
"1881","OG0001880:",2
"1882","OG0001881:",2
"1883","OG0001882:",2
"1884","OG0001883:",2
"1885","OG0001884:",2
"1886","OG0001885:",2
"1887","OG0001886:",2
"1888","OG0001887:",2
"1889","OG0001888:",2
"1890","OG0001889:",2
"1891","OG0001890:",2
"1892","OG0001891:",2
"1893","OG0001892:",2
"1894","OG0001893:",2
"1895","OG0001894:",2
"1896","OG0001895:",2
"1897","OG0001896:",2
"1898","OG0001897:",2
"1899","OG0001898:",2
"1900","OG0001899:",2
"1901","OG0001900:",2
"1902","OG0001901:",2
"1903","OG0001902:",2
"1904","OG0001903:",2
"1905","OG0001904:",2
"1906","OG0001905:",2
"1907","OG0001906:",2
"1908","OG0001907:",2
"1909","OG0001908:",2
"1910","OG0001909:",2
"1911","OG0001910:",2
"1912","OG0001911:",2
"1913","OG0001912:",2
"1914","OG0001913:",2
"1915","OG0001914:",2
"1916","OG0001915:",2
"1917","OG0001916:",2
"1918","OG0001917:",2
"1919","OG0001918:",2
"1920","OG0001919:",2
"1921","OG0001920:",2
"1922","OG0001921:",2
"1923","OG0001922:",2
"1924","OG0001923:",2
"1925","OG0001924:",2
"1926","OG0001925:",2
"1927","OG0001926:",2
"1928","OG0001927:",2
"1929","OG0001928:",2
"1930","OG0001929:",2
"1931","OG0001930:",2
"1932","OG0001931:",2
"1933","OG0001932:",2
"1934","OG0001933:",2
"1935","OG0001934:",2
"1936","OG0001935:",2
"1937","OG0001936:",2
"1938","OG0001937:",2
"1939","OG0001938:",2
"1940","OG0001939:",2
"1941","OG0001940:",2
"1942","OG0001941:",2
"1943","OG0001942:",2
"1944","OG0001943:",2
"1945","OG0001944:",2
"1946","OG0001945:",2
"1947","OG0001946:",2
"1948","OG0001947:",2
"1949","OG0001948:",2
"1950","OG0001949:",2
"1951","OG0001950:",2
"1952","OG0001951:",2
"1953","OG0001952:",2
"1954","OG0001953:",2
"1955","OG0001954:",2
"1956","OG0001955:",2
"1957","OG0001956:",2
"1958","OG0001957:",2
"1959","OG0001958:",2
"1960","OG0001959:",2
"1961","OG0001960:",2
"1962","OG0001961:",2
"1963","OG0001962:",2
"1964","OG0001963:",2
"1965","OG0001964:",2
"1966","OG0001965:",2
"1967","OG0001966:",2
"1968","OG0001967:",2
"1969","OG0001968:",2
"1970","OG0001969:",2
"1971","OG0001970:",2
"1972","OG0001971:",2
"1973","OG0001972:",2
"1974","OG0001973:",2
"1975","OG0001974:",2
"1976","OG0001975:",2
"1977","OG0001976:",2
"1978","OG0001977:",2
"1979","OG0001978:",2
"1980","OG0001979:",2
"1981","OG0001980:",2
"1982","OG0001981:",2
"1983","OG0001982:",2
"1984","OG0001983:",2
"1985","OG0001984:",2
"1986","OG0001985:",2
"1987","OG0001986:",2
"1988","OG0001987:",2
"1989","OG0001988:",2
"1990","OG0001989:",2
"1991","OG0001990:",2
"1992","OG0001991:",2
"1993","OG0001992:",2
"1994","OG0001993:",2
"1995","OG0001994:",2
"1996","OG0001995:",2
"1997","OG0001996:",2
"1998","OG0001997:",2
"1999","OG0001998:",2
"2000","OG0001999:",2
"2001","OG0002000:",2
"2002","OG0002001:",2
"2003","OG0002002:",2
"2004","OG0002003:",2
"2005","OG0002004:",2
"2006","OG0002005:",2
"2007","OG0002006:",2
"2008","OG0002007:",2
"2009","OG0002008:",2
"2010","OG0002009:",2
"2011","OG0002010:",2
"2012","OG0002011:",2
"2013","OG0002012:",2
"2014","OG0002013:",2
"2015","OG0002014:",2
"2016","OG0002015:",2
"2017","OG0002016:",2
"2018","OG0002017:",2
"2019","OG0002018:",2
"2020","OG0002019:",2
"2021","OG0002020:",2
"2022","OG0002021:",2
"2023","OG0002022:",2
"2024","OG0002023:",2
"2025","OG0002024:",2
"2026","OG0002025:",2
"2027","OG0002026:",2
"2028","OG0002027:",2
"2029","OG0002028:",2
"2030","OG0002029:",2
"2031","OG0002030:",2
"2032","OG0002031:",2
"2033","OG0002032:",2
"2034","OG0002033:",2
"2035","OG0002034:",2
"2036","OG0002035:",2
"2037","OG0002036:",2
"2038","OG0002037:",2
"2039","OG0002038:",2
"2040","OG0002039:",2
"2041","OG0002040:",2
"2042","OG0002041:",2
"2043","OG0002042:",2
"2044","OG0002043:",2
"2045","OG0002044:",2
"2046","OG0002045:",2
"2047","OG0002046:",2
"2048","OG0002047:",2
"2049","OG0002048:",2
"2050","OG0002049:",2
"2051","OG0002050:",2
"2052","OG0002051:",2
"2053","OG0002052:",1
"2054","OG0002053:",1
"2055","OG0002054:",1
"2056","OG0002055:",1
"2057","OG0002056:",1
"2058","OG0002057:",1
"2059","OG0002058:",1
"2060","OG0002059:",1
"2061","OG0002060:",1
"2062","OG0002061:",1
"2063","OG0002062:",1
"2064","OG0002063:",1
"2065","OG0002064:",1
"2066","OG0002065:",1
"2067","OG0002066:",1
"2068","OG0002067:",1
"2069","OG0002068:",1
"2070","OG0002069:",1
"2071","OG0002070:",1
"2072","OG0002071:",1
"2073","OG0002072:",1
"2074","OG0002073:",1
"2075","OG0002074:",1
"2076","OG0002075:",1
"2077","OG0002076:",1
"2078","OG0002077:",1
"2079","OG0002078:",1
"2080","OG0002079:",1
"2081","OG0002080:",1
"2082","OG0002081:",1
"2083","OG0002082:",1
"2084","OG0002083:",1
"2085","OG0002084:",1
"2086","OG0002085:",1
"2087","OG0002086:",1
"2088","OG0002087:",1
"2089","OG0002088:",1
"2090","OG0002089:",1
"2091","OG0002090:",1
"2092","OG0002091:",1
"2093","OG0002092:",1
"2094","OG0002093:",1
"2095","OG0002094:",1
"2096","OG0002095:",1
"2097","OG0002096:",1
"2098","OG0002097:",1
"2099","OG0002098:",1
"2100","OG0002099:",1
"2101","OG0002100:",1
"2102","OG0002101:",1
"2103","OG0002102:",1
"2104","OG0002103:",1
"2105","OG0002104:",1
"2106","OG0002105:",1
"2107","OG0002106:",1
"2108","OG0002107:",1
"2109","OG0002108:",1
"2110","OG0002109:",1
"2111","OG0002110:",1
"2112","OG0002111:",1
"2113","OG0002112:",1
"2114","OG0002113:",1
"2115","OG0002114:",1
"2116","OG0002115:",1
"2117","OG0002116:",1
"2118","OG0002117:",1
"2119","OG0002118:",1
"2120","OG0002119:",1
"2121","OG0002120:",1
"2122","OG0002121:",1
"2123","OG0002122:",1
"2124","OG0002123:",1
"2125","OG0002124:",1
"2126","OG0002125:",1
"2127","OG0002126:",1
"2128","OG0002127:",1
"2129","OG0002128:",1
"2130","OG0002129:",1
"2131","OG0002130:",1
"2132","OG0002131:",1
"2133","OG0002132:",1
"2134","OG0002133:",1
"2135","OG0002134:",1
"2136","OG0002135:",1
"2137","OG0002136:",1
"2138","OG0002137:",1
"2139","OG0002138:",1
"2140","OG0002139:",1
"2141","OG0002140:",1
"2142","OG0002141:",1
"2143","OG0002142:",1
"2144","OG0002143:",1
"2145","OG0002144:",1
"2146","OG0002145:",1
"2147","OG0002146:",1
"2148","OG0002147:",1
"2149","OG0002148:",1
"2150","OG0002149:",1
"2151","OG0002150:",1
"2152","OG0002151:",1
"2153","OG0002152:",1
"2154","OG0002153:",1
"2155","OG0002154:",1
"2156","OG0002155:",1
"2157","OG0002156:",1
"2158","OG0002157:",1
"2159","OG0002158:",1
"2160","OG0002159:",1
"2161","OG0002160:",1
"2162","OG0002161:",1
"2163","OG0002162:",1
"2164","OG0002163:",1
"2165","OG0002164:",1
"2166","OG0002165:",1
"2167","OG0002166:",1
"2168","OG0002167:",1
"2169","OG0002168:",1
"2170","OG0002169:",1
"2171","OG0002170:",1
"2172","OG0002171:",1
"2173","OG0002172:",1
"2174","OG0002173:",1
"2175","OG0002174:",1
"2176","OG0002175:",1
"2177","OG0002176:",1
"2178","OG0002177:",1
"2179","OG0002178:",1
"2180","OG0002179:",1
"2181","OG0002180:",1
"2182","OG0002181:",1
"2183","OG0002182:",1
"2184","OG0002183:",1
"2185","OG0002184:",1
"2186","OG0002185:",1
"2187","OG0002186:",1
"2188","OG0002187:",1
"2189","OG0002188:",1
"2190","OG0002189:",1
"2191","OG0002190:",1
"2192","OG0002191:",1
"2193","OG0002192:",1
"2194","OG0002193:",1
"2195","OG0002194:",1
"2196","OG0002195:",1
"2197","OG0002196:",1
"2198","OG0002197:",1
"2199","OG0002198:",1
"2200","OG0002199:",1
"2201","OG0002200:",1
"2202","OG0002201:",1
"2203","OG0002202:",1
"2204","OG0002203:",1
"2205","OG0002204:",1
"2206","OG0002205:",1
"2207","OG0002206:",1
"2208","OG0002207:",1
"2209","OG0002208:",1
"2210","OG0002209:",1
"2211","OG0002210:",1
"2212","OG0002211:",1
"2213","OG0002212:",1
"2214","OG0002213:",1
"2215","OG0002214:",1
"2216","OG0002215:",1
"2217","OG0002216:",1
"2218","OG0002217:",1
"2219","OG0002218:",1
"2220","OG0002219:",1
"2221","OG0002220:",1
"2222","OG0002221:",1
"2223","OG0002222:",1
"2224","OG0002223:",1
"2225","OG0002224:",1
"2226","OG0002225:",1
"2227","OG0002226:",1
"2228","OG0002227:",1
"2229","OG0002228:",1
"2230","OG0002229:",1
"2231","OG0002230:",1
"2232","OG0002231:",1
"2233","OG0002232:",1
"2234","OG0002233:",1
"2235","OG0002234:",1
"2236","OG0002235:",1
"2237","OG0002236:",1
"2238","OG0002237:",1
"2239","OG0002238:",1
"2240","OG0002239:",1
"2241","OG0002240:",1
"2242","OG0002241:",1
"2243","OG0002242:",1
"2244","OG0002243:",1
"2245","OG0002244:",1
"2246","OG0002245:",1
"2247","OG0002246:",1
"2248","OG0002247:",1
"2249","OG0002248:",1
"2250","OG0002249:",1
"2251","OG0002250:",1
"2252","OG0002251:",1
"2253","OG0002252:",1
"2254","OG0002253:",1
"2255","OG0002254:",1
"2256","OG0002255:",1
"2257","OG0002256:",1
"2258","OG0002257:",1
"2259","OG0002258:",1
"2260","OG0002259:",1
"2261","OG0002260:",1
"2262","OG0002261:",1
"2263","OG0002262:",1
"2264","OG0002263:",1
"2265","OG0002264:",1
"2266","OG0002265:",1
"2267","OG0002266:",1
"2268","OG0002267:",1
"2269","OG0002268:",1
"2270","OG0002269:",1
"2271","OG0002270:",1
"2272","OG0002271:",1
"2273","OG0002272:",1
"2274","OG0002273:",1
"2275","OG0002274:",1
"2276","OG0002275:",1
"2277","OG0002276:",1
"2278","OG0002277:",1
"2279","OG0002278:",1
"2280","OG0002279:",1
"2281","OG0002280:",1
"2282","OG0002281:",1
"2283","OG0002282:",1
"2284","OG0002283:",1
"2285","OG0002284:",1
"2286","OG0002285:",1
"2287","OG0002286:",1
"2288","OG0002287:",1
"2289","OG0002288:",1
"2290","OG0002289:",1
"2291","OG0002290:",1
"2292","OG0002291:",1
"2293","OG0002292:",1
"2294","OG0002293:",1
"2295","OG0002294:",1
"2296","OG0002295:",1
"2297","OG0002296:",1
"2298","OG0002297:",1
"2299","OG0002298:",1
"2300","OG0002299:",1
"2301","OG0002300:",1
"2302","OG0002301:",1
"2303","OG0002302:",1
"2304","OG0002303:",1
"2305","OG0002304:",1
"2306","OG0002305:",1
"2307","OG0002306:",1
"2308","OG0002307:",1
"2309","OG0002308:",1
"2310","OG0002309:",1
"2311","OG0002310:",1
"2312","OG0002311:",1
"2313","OG0002312:",1
"2314","OG0002313:",1
"2315","OG0002314:",1
"2316","OG0002315:",1
"2317","OG0002316:",1
"2318","OG0002317:",1
"2319","OG0002318:",1
"2320","OG0002319:",1
"2321","OG0002320:",1
"2322","OG0002321:",1
"2323","OG0002322:",1
"2324","OG0002323:",1
"2325","OG0002324:",1
"2326","OG0002325:",1
"2327","OG0002326:",1
"2328","OG0002327:",1
"2329","OG0002328:",1
"2330","OG0002329:",1
"2331","OG0002330:",1
"2332","OG0002331:",1
"2333","OG0002332:",1
"2334","OG0002333:",1
"2335","OG0002334:",1
"2336","OG0002335:",1
"2337","OG0002336:",1
"2338","OG0002337:",1
"2339","OG0002338:",1
"2340","OG0002339:",1
"2341","OG0002340:",1
"2342","OG0002341:",1
"2343","OG0002342:",1
"2344","OG0002343:",1
"2345","OG0002344:",1
"2346","OG0002345:",1
"2347","OG0002346:",1
"2348","OG0002347:",1
"2349","OG0002348:",1
"2350","OG0002349:",1
"2351","OG0002350:",1
"2352","OG0002351:",1
"2353","OG0002352:",1
"2354","OG0002353:",1
"2355","OG0002354:",1
"2356","OG0002355:",1
"2357","OG0002356:",1
"2358","OG0002357:",1
"2359","OG0002358:",1
"2360","OG0002359:",1
"2361","OG0002360:",1
"2362","OG0002361:",1
"2363","OG0002362:",1
"2364","OG0002363:",1
"2365","OG0002364:",1
"2366","OG0002365:",1
"2367","OG0002366:",1
"2368","OG0002367:",1
"2369","OG0002368:",1
"2370","OG0002369:",1
"2371","OG0002370:",1
"2372","OG0002371:",1
"2373","OG0002372:",1
"2374","OG0002373:",1
"2375","OG0002374:",1
"2376","OG0002375:",1
"2377","OG0002376:",1
"2378","OG0002377:",1
"2379","OG0002378:",1
"2380","OG0002379:",1
"2381","OG0002380:",1
"2382","OG0002381:",1
"2383","OG0002382:",1
"2384","OG0002383:",1
"2385","OG0002384:",1
"2386","OG0002385:",1
"2387","OG0002386:",1
"2388","OG0002387:",1
"2389","OG0002388:",1
"2390","OG0002389:",1
"2391","OG0002390:",1
"2392","OG0002391:",1
"2393","OG0002392:",1
"2394","OG0002393:",1
"2395","OG0002394:",1
"2396","OG0002395:",1
"2397","OG0002396:",1
"2398","OG0002397:",1
"2399","OG0002398:",1
"2400","OG0002399:",1
"2401","OG0002400:",1
"2402","OG0002401:",1
"2403","OG0002402:",1
"2404","OG0002403:",1
"2405","OG0002404:",1
"2406","OG0002405:",1
"2407","OG0002406:",1
"2408","OG0002407:",1
"2409","OG0002408:",1
"2410","OG0002409:",1
"2411","OG0002410:",1
"2412","OG0002411:",1
"2413","OG0002412:",1
"2414","OG0002413:",1
"2415","OG0002414:",1
"2416","OG0002415:",1
"2417","OG0002416:",1
"2418","OG0002417:",1
"2419","OG0002418:",1
"2420","OG0002419:",1
"2421","OG0002420:",1
"2422","OG0002421:",1
"2423","OG0002422:",1
"2424","OG0002423:",1
"2425","OG0002424:",1
"2426","OG0002425:",1
"2427","OG0002426:",1
"2428","OG0002427:",1
"2429","OG0002428:",1
"2430","OG0002429:",1
"2431","OG0002430:",1
"2432","OG0002431:",1
"2433","OG0002432:",1
"2434","OG0002433:",1
"2435","OG0002434:",1
"2436","OG0002435:",1
"2437","OG0002436:",1
"2438","OG0002437:",1
"2439","OG0002438:",1
"2440","OG0002439:",1
"2441","OG0002440:",1
"2442","OG0002441:",1
"2443","OG0002442:",1
"2444","OG0002443:",1
"2445","OG0002444:",1
"2446","OG0002445:",1
"2447","OG0002446:",1
"2448","OG0002447:",1
"2449","OG0002448:",1
"2450","OG0002449:",1
"2451","OG0002450:",1
"2452","OG0002451:",1
"2453","OG0002452:",1
"2454","OG0002453:",1
"2455","OG0002454:",1
"2456","OG0002455:",1
"2457","OG0002456:",1
"2458","OG0002457:",1
"2459","OG0002458:",1
"2460","OG0002459:",1
"2461","OG0002460:",1
"2462","OG0002461:",1
"2463","OG0002462:",1
"2464","OG0002463:",1
"2465","OG0002464:",1
"2466","OG0002465:",1
"2467","OG0002466:",1
"2468","OG0002467:",1
"2469","OG0002468:",1
"2470","OG0002469:",1
"2471","OG0002470:",1
"2472","OG0002471:",1
"2473","OG0002472:",1
"2474","OG0002473:",1
"2475","OG0002474:",1
"2476","OG0002475:",1
"2477","OG0002476:",1
"2478","OG0002477:",1
"2479","OG0002478:",1
"2480","OG0002479:",1
"2481","OG0002480:",1
"2482","OG0002481:",1
"2483","OG0002482:",1
"2484","OG0002483:",1
"2485","OG0002484:",1
"2486","OG0002485:",1
"2487","OG0002486:",1
"2488","OG0002487:",1
"2489","OG0002488:",1
"2490","OG0002489:",1
"2491","OG0002490:",1
"2492","OG0002491:",1
"2493","OG0002492:",1
"2494","OG0002493:",1
"2495","OG0002494:",1
"2496","OG0002495:",1
"2497","OG0002496:",1
"2498","OG0002497:",1
"2499","OG0002498:",1
"2500","OG0002499:",1
"2501","OG0002500:",1
"2502","OG0002501:",1
"2503","OG0002502:",1
"2504","OG0002503:",1
"2505","OG0002504:",1
"2506","OG0002505:",1
"2507","OG0002506:",1
"2508","OG0002507:",1
"2509","OG0002508:",1
"2510","OG0002509:",1
"2511","OG0002510:",1
"2512","OG0002511:",1
"2513","OG0002512:",1
"2514","OG0002513:",1
"2515","OG0002514:",1
"2516","OG0002515:",1
"2517","OG0002516:",1
"2518","OG0002517:",1
"2519","OG0002518:",1
"2520","OG0002519:",1
"2521","OG0002520:",1
"2522","OG0002521:",1
"2523","OG0002522:",1
"2524","OG0002523:",1
"2525","OG0002524:",1
"2526","OG0002525:",1
"2527","OG0002526:",1
"2528","OG0002527:",1
"2529","OG0002528:",1
"2530","OG0002529:",1
"2531","OG0002530:",1
"2532","OG0002531:",1
"2533","OG0002532:",1
"2534","OG0002533:",1
"2535","OG0002534:",1
"2536","OG0002535:",1
"2537","OG0002536:",1
"2538","OG0002537:",1
"2539","OG0002538:",1
"2540","OG0002539:",1
"2541","OG0002540:",1
"2542","OG0002541:",1
"2543","OG0002542:",1
"2544","OG0002543:",1
"2545","OG0002544:",1
"2546","OG0002545:",1
"2547","OG0002546:",1
"2548","OG0002547:",1
"2549","OG0002548:",1
"2550","OG0002549:",1
"2551","OG0002550:",1
"2552","OG0002551:",1
"2553","OG0002552:",1
"2554","OG0002553:",1
"2555","OG0002554:",1
"2556","OG0002555:",1
"2557","OG0002556:",1
"2558","OG0002557:",1
"2559","OG0002558:",1
"2560","OG0002559:",1
"2561","OG0002560:",1
"2562","OG0002561:",1
"2563","OG0002562:",1
"2564","OG0002563:",1
"2565","OG0002564:",1
"2566","OG0002565:",1
"2567","OG0002566:",1
"2568","OG0002567:",1
"2569","OG0002568:",1
"2570","OG0002569:",1
"2571","OG0002570:",1
"2572","OG0002571:",1
"2573","OG0002572:",1
"2574","OG0002573:",1
"2575","OG0002574:",1
"2576","OG0002575:",1
"2577","OG0002576:",1
"2578","OG0002577:",1
"2579","OG0002578:",1
"2580","OG0002579:",1
"2581","OG0002580:",1
"2582","OG0002581:",1
"2583","OG0002582:",1
"2584","OG0002583:",1
"2585","OG0002584:",1
"2586","OG0002585:",1
"2587","OG0002586:",1
"2588","OG0002587:",1
"2589","OG0002588:",1
"2590","OG0002589:",1
"2591","OG0002590:",1
"2592","OG0002591:",1
"2593","OG0002592:",1
"2594","OG0002593:",1
"2595","OG0002594:",1
"2596","OG0002595:",1
"2597","OG0002596:",1
"2598","OG0002597:",1
"2599","OG0002598:",1
"2600","OG0002599:",1
"2601","OG0002600:",1
"2602","OG0002601:",1
"2603","OG0002602:",1
"2604","OG0002603:",1
"2605","OG0002604:",1
"2606","OG0002605:",1
"2607","OG0002606:",1
"2608","OG0002607:",1
"2609","OG0002608:",1
"2610","OG0002609:",1
"2611","OG0002610:",1
"2612","OG0002611:",1
"2613","OG0002612:",1
"2614","OG0002613:",1
"2615","OG0002614:",1
"2616","OG0002615:",1
"2617","OG0002616:",1
"2618","OG0002617:",1
"2619","OG0002618:",1
"2620","OG0002619:",1
"2621","OG0002620:",1
"2622","OG0002621:",1
"2623","OG0002622:",1
"2624","OG0002623:",1
"2625","OG0002624:",1
"2626","OG0002625:",1
"2627","OG0002626:",1
"2628","OG0002627:",1
"2629","OG0002628:",1
"2630","OG0002629:",1
"2631","OG0002630:",1
"2632","OG0002631:",1
"2633","OG0002632:",1
"2634","OG0002633:",1
"2635","OG0002634:",1
"2636","OG0002635:",1
"2637","OG0002636:",1
"2638","OG0002637:",1
"2639","OG0002638:",1
"2640","OG0002639:",1
"2641","OG0002640:",1
"2642","OG0002641:",1
"2643","OG0002642:",1
"2644","OG0002643:",1
"2645","OG0002644:",1
"2646","OG0002645:",1
"2647","OG0002646:",1
"2648","OG0002647:",1
"2649","OG0002648:",1
"2650","OG0002649:",1
"2651","OG0002650:",1
"2652","OG0002651:",1
"2653","OG0002652:",1
"2654","OG0002653:",1
"2655","OG0002654:",1
"2656","OG0002655:",1
"2657","OG0002656:",1
"2658","OG0002657:",1
"2659","OG0002658:",1
"2660","OG0002659:",1
"2661","OG0002660:",1
"2662","OG0002661:",1
"2663","OG0002662:",1
"2664","OG0002663:",1
"2665","OG0002664:",1
"2666","OG0002665:",1
"2667","OG0002666:",1
"2668","OG0002667:",1
"2669","OG0002668:",1
"2670","OG0002669:",1
"2671","OG0002670:",1
"2672","OG0002671:",1
"2673","OG0002672:",1
"2674","OG0002673:",1
"2675","OG0002674:",1
"2676","OG0002675:",1
"2677","OG0002676:",1
"2678","OG0002677:",1
"2679","OG0002678:",1
"2680","OG0002679:",1
"2681","OG0002680:",1
"2682","OG0002681:",1
"2683","OG0002682:",1
"2684","OG0002683:",1
"2685","OG0002684:",1
"2686","OG0002685:",1
"2687","OG0002686:",1
"2688","OG0002687:",1
"2689","OG0002688:",1
"2690","OG0002689:",1
"2691","OG0002690:",1
"2692","OG0002691:",1
"2693","OG0002692:",1
"2694","OG0002693:",1
"2695","OG0002694:",1
"2696","OG0002695:",1
"2697","OG0002696:",1
"2698","OG0002697:",1
"2699","OG0002698:",1
"2700","OG0002699:",1
"2701","OG0002700:",1
"2702","OG0002701:",1
"2703","OG0002702:",1
"2704","OG0002703:",1
"2705","OG0002704:",1
"2706","OG0002705:",1
"2707","OG0002706:",1
"2708","OG0002707:",1
"2709","OG0002708:",1
"2710","OG0002709:",1
"2711","OG0002710:",1
"2712","OG0002711:",1
"2713","OG0002712:",1
"2714","OG0002713:",1
"2715","OG0002714:",1
"2716","OG0002715:",1
"2717","OG0002716:",1
"2718","OG0002717:",1
"2719","OG0002718:",1
"2720","OG0002719:",1
"2721","OG0002720:",1
"2722","OG0002721:",1
"2723","OG0002722:",1
"2724","OG0002723:",1
"2725","OG0002724:",1
"2726","OG0002725:",1
"2727","OG0002726:",1
"2728","OG0002727:",1
"2729","OG0002728:",1
"2730","OG0002729:",1
"2731","OG0002730:",1
"2732","OG0002731:",1
"2733","OG0002732:",1
"2734","OG0002733:",1
"2735","OG0002734:",1
"2736","OG0002735:",1
"2737","OG0002736:",1
"2738","OG0002737:",1
"2739","OG0002738:",1
"2740","OG0002739:",1
"2741","OG0002740:",1
"2742","OG0002741:",1
"2743","OG0002742:",1
"2744","OG0002743:",1
"2745","OG0002744:",1
"2746","OG0002745:",1
"2747","OG0002746:",1
"2748","OG0002747:",1
"2749","OG0002748:",1
"2750","OG0002749:",1
"2751","OG0002750:",1
"2752","OG0002751:",1
"2753","OG0002752:",1
"2754","OG0002753:",1
"2755","OG0002754:",1
"2756","OG0002755:",1
"2757","OG0002756:",1
"2758","OG0002757:",1
"2759","OG0002758:",1
"2760","OG0002759:",1
"2761","OG0002760:",1
"2762","OG0002761:",1
"2763","OG0002762:",1
"2764","OG0002763:",1
"2765","OG0002764:",1
"2766","OG0002765:",1
"2767","OG0002766:",1
"2768","OG0002767:",1
"2769","OG0002768:",1
"2770","OG0002769:",1
"2771","OG0002770:",1
"2772","OG0002771:",1
"2773","OG0002772:",1
"2774","OG0002773:",1
"2775","OG0002774:",1
"2776","OG0002775:",1
"2777","OG0002776:",1
"2778","OG0002777:",1
"2779","OG0002778:",1
"2780","OG0002779:",1
"2781","OG0002780:",1
"2782","OG0002781:",1
"2783","OG0002782:",1
"2784","OG0002783:",1
"2785","OG0002784:",1
"2786","OG0002785:",1
"2787","OG0002786:",1
"2788","OG0002787:",1
"2789","OG0002788:",1
"2790","OG0002789:",1
"2791","OG0002790:",1
"2792","OG0002791:",1
"2793","OG0002792:",1
"2794","OG0002793:",1
"2795","OG0002794:",1
"2796","OG0002795:",1
"2797","OG0002796:",1
"2798","OG0002797:",1
"2799","OG0002798:",1
"2800","OG0002799:",1
"2801","OG0002800:",1
"2802","OG0002801:",1
"2803","OG0002802:",1
"2804","OG0002803:",1
"2805","OG0002804:",1
"2806","OG0002805:",1
"2807","OG0002806:",1
"2808","OG0002807:",1
"2809","OG0002808:",1
"2810","OG0002809:",1
"2811","OG0002810:",1
"2812","OG0002811:",1
"2813","OG0002812:",1
"2814","OG0002813:",1
"2815","OG0002814:",1
"2816","OG0002815:",1
"2817","OG0002816:",1
"2818","OG0002817:",1
"2819","OG0002818:",1
"2820","OG0002819:",1
"2821","OG0002820:",1
"2822","OG0002821:",1
"2823","OG0002822:",1
"2824","OG0002823:",1
"2825","OG0002824:",1
"2826","OG0002825:",1
"2827","OG0002826:",1
"2828","OG0002827:",1
"2829","OG0002828:",1
"2830","OG0002829:",1
"2831","OG0002830:",1
"2832","OG0002831:",1
"2833","OG0002832:",1
"2834","OG0002833:",1
"2835","OG0002834:",1
"2836","OG0002835:",1
"2837","OG0002836:",1
"2838","OG0002837:",1
"2839","OG0002838:",1
"2840","OG0002839:",1
"2841","OG0002840:",1
"2842","OG0002841:",1
"2843","OG0002842:",1
"2844","OG0002843:",1
"2845","OG0002844:",1
"2846","OG0002845:",1
"2847","OG0002846:",1
"2848","OG0002847:",1
"2849","OG0002848:",1
"2850","OG0002849:",1
"2851","OG0002850:",1
"2852","OG0002851:",1
"2853","OG0002852:",1
"2854","OG0002853:",1
"2855","OG0002854:",1
"2856","OG0002855:",1
"2857","OG0002856:",1
"2858","OG0002857:",1
"2859","OG0002858:",1
"2860","OG0002859:",1
"2861","OG0002860:",1
"2862","OG0002861:",1
"2863","OG0002862:",1
"2864","OG0002863:",1
"2865","OG0002864:",1
"2866","OG0002865:",1
"2867","OG0002866:",1
"2868","OG0002867:",1
"2869","OG0002868:",1
"2870","OG0002869:",1
"2871","OG0002870:",1
"2872","OG0002871:",1
"2873","OG0002872:",1
"2874","OG0002873:",1
"2875","OG0002874:",1
"2876","OG0002875:",1
"2877","OG0002876:",1
"2878","OG0002877:",1
"2879","OG0002878:",1
"2880","OG0002879:",1
"2881","OG0002880:",1
"2882","OG0002881:",1
"2883","OG0002882:",1
"2884","OG0002883:",1
"2885","OG0002884:",1
"2886","OG0002885:",1
"2887","OG0002886:",1
"2888","OG0002887:",1
"2889","OG0002888:",1
"2890","OG0002889:",1
"2891","OG0002890:",1
"2892","OG0002891:",1
"2893","OG0002892:",1
"2894","OG0002893:",1
"2895","OG0002894:",1
"2896","OG0002895:",1
"2897","OG0002896:",1
"2898","OG0002897:",1
"2899","OG0002898:",1
"2900","OG0002899:",1
"2901","OG0002900:",1
"2902","OG0002901:",1
"2903","OG0002902:",1
"2904","OG0002903:",1
"2905","OG0002904:",1
"2906","OG0002905:",1
"2907","OG0002906:",1
"2908","OG0002907:",1
"2909","OG0002908:",1
"2910","OG0002909:",1
"2911","OG0002910:",1
"2912","OG0002911:",1
"2913","OG0002912:",1
"2914","OG0002913:",1
"2915","OG0002914:",1
"2916","OG0002915:",1
"2917","OG0002916:",1
"2918","OG0002917:",1
"2919","OG0002918:",1
"2920","OG0002919:",1
"2921","OG0002920:",1
"2922","OG0002921:",1
"2923","OG0002922:",1
"2924","OG0002923:",1
"2925","OG0002924:",1
"2926","OG0002925:",1
"2927","OG0002926:",1
"2928","OG0002927:",1
"2929","OG0002928:",1
"2930","OG0002929:",1
"2931","OG0002930:",1
"2932","OG0002931:",1
"2933","OG0002932:",1
"2934","OG0002933:",1
"2935","OG0002934:",1
"2936","OG0002935:",1
"2937","OG0002936:",1
"2938","OG0002937:",1
"2939","OG0002938:",1
"2940","OG0002939:",1
"2941","OG0002940:",1
"2942","OG0002941:",1
"2943","OG0002942:",1
"2944","OG0002943:",1
"2945","OG0002944:",1
"2946","OG0002945:",1
"2947","OG0002946:",1
"2948","OG0002947:",1
"2949","OG0002948:",1
"2950","OG0002949:",1
"2951","OG0002950:",1
"2952","OG0002951:",1
"2953","OG0002952:",1
"2954","OG0002953:",1
"2955","OG0002954:",1
"2956","OG0002955:",1
"2957","OG0002956:",1
"2958","OG0002957:",1
"2959","OG0002958:",1
"2960","OG0002959:",1
"2961","OG0002960:",1
"2962","OG0002961:",1
"2963","OG0002962:",1
"2964","OG0002963:",1
"2965","OG0002964:",1
"2966","OG0002965:",1
